country,year,active_teams,new_teams_first_seen,top100_teams
AD,2019,2,2,0
AD,2020,4,3,0
AD,2021,2,1,0
AD,2022,2,1,0
AD,2023,2,0,0
AD,2024,4,2,0
AD,2025,2,0,0
AE,2014,1,1,0
AE,2016,1,1,0
AE,2017,3,2,0
AE,2018,1,0,0
AE,2019,5,4,0
AE,2020,7,5,0
AE,2021,6,3,0
AE,2022,10,9,0
AE,2023,9,3,0
AE,2024,11,4,0
AE,2025,17,10,0
AE,2026,6,3,0
AF,2014,1,1,0
AF,2015,4,3,0
AF,2016,5,3,0
AF,2017,7,3,0
AF,2018,11,7,0
AF,2019,7,0,0
AF,2020,12,11,0
AF,2021,13,10,0
AF,2022,13,8,0
AF,2023,18,13,0
AF,2024,14,8,0
AF,2025,21,12,0
AF,2026,10,6,0
AG,2020,1,1,0
AG,2021,2,2,0
AG,2023,1,0,0
AG,2024,1,0,0
AG,2025,2,0,0
AI,2024,1,1,0
AL,2014,1,1,0
AL,2018,1,1,0
AL,2019,4,3,0
AL,2020,5,4,0
AL,2021,5,2,0
AL,2022,3,1,0
AL,2023,7,4,0
AL,2024,2,0,0
AL,2025,11,8,0
AL,2026,9,5,0
AM,2016,1,1,0
AM,2017,3,2,0
AM,2018,2,0,0
AM,2019,2,1,0
AM,2020,2,1,0
AM,2021,2,1,0
AM,2022,2,0,0
AM,2023,3,2,0
AM,2024,6,5,0
AM,2025,4,2,0
AM,2026,2,1,0
AO,2015,1,1,0
AO,2018,1,1,0
AO,2020,1,0,0
AO,2022,1,1,0
AQ,2015,1,1,0
AQ,2016,1,0,0
AQ,2017,3,2,0
AQ,2018,3,1,0
AQ,2019,12,10,0
AQ,2020,16,9,0
AQ,2021,15,5,1
AQ,2022,15,6,1
AQ,2023,16,9,1
AQ,2024,26,14,1
AQ,2025,39,19,1
AQ,2026,10,3,0
AR,2011,1,1,0
AR,2012,1,1,0
AR,2013,2,0,0
AR,2014,2,0,0
AR,2015,3,1,0
AR,2016,11,9,0
AR,2017,7,4,0
AR,2018,5,3,0
AR,2019,18,13,0
AR,2020,32,19,0
AR,2021,23,8,0
AR,2022,22,10,0
AR,2023,27,11,0
AR,2024,25,9,0
AR,2025,28,13,0
AR,2026,6,1,0
AS,2019,1,1,0
AS,2021,2,2,0
AS,2025,1,1,0
AT,2011,2,2,1
AT,2012,4,2,1
AT,2013,4,0,1
AT,2014,6,2,1
AT,2015,7,2,1
AT,2016,9,4,2
AT,2017,11,3,2
AT,2018,16,6,2
AT,2019,25,13,2
AT,2020,36,20,2
AT,2021,33,11,1
AT,2022,39,15,1
AT,2023,34,8,1
AT,2024,34,9,3
AT,2025,38,14,2
AT,2026,16,0,0
AU,2012,1,1,0
AU,2013,8,8,1
AU,2014,10,6,1
AU,2015,20,14,2
AU,2016,29,14,2
AU,2017,41,23,1
AU,2018,37,15,0
AU,2019,70,45,0
AU,2020,102,58,1
AU,2021,125,70,1
AU,2022,132,62,1
AU,2023,133,62,0
AU,2024,135,55,0
AU,2025,127,49,0
AU,2026,41,8,1
AW,2019,1,1,0
AW,2020,2,1,0
AW,2021,1,1,0
AW,2022,1,1,0
AW,2023,2,1,0
AW,2024,2,1,0
AW,2025,3,2,0
AX,2018,1,1,0
AX,2019,1,1,0
AX,2020,1,1,0
AX,2021,1,1,0
AX,2023,2,2,0
AX,2024,4,1,0
AX,2025,2,0,0
AZ,2018,2,2,0
AZ,2019,3,2,0
AZ,2020,9,6,0
AZ,2021,7,3,0
AZ,2022,6,1,0
AZ,2023,9,3,0
AZ,2024,14,10,0
AZ,2025,22,18,0
AZ,2026,10,5,0
BA,2018,1,1,0
BA,2019,1,1,0
BA,2021,1,1,0
BA,2022,1,0,0
BD,2014,1,1,0
BD,2015,1,1,0
BD,2016,1,0,0
BD,2017,3,2,1
BD,2018,7,4,1
BD,2019,11,8,0
BD,2020,16,10,0
BD,2021,41,30,0
BD,2022,77,54,0
BD,2023,106,64,0
BD,2024,112,57,0
BD,2025,119,67,0
BD,2026,72,22,5
BE,2011,1,1,0
BE,2012,2,2,0
BE,2013,4,1,0
BE,2014,9,7,2
BE,2015,10,5,2
BE,2016,11,5,1
BE,2017,24,15,0
BE,2018,25,10,0
BE,2019,30,15,0
BE,2020,53,34,0
BE,2021,43,17,0
BE,2022,40,16,0
BE,2023,40,11,0
BE,2024,53,26,0
BE,2025,28,6,0
BE,2026,12,2,0
BG,2016,4,4,0
BG,2017,2,1,0
BG,2018,4,2,0
BG,2019,6,4,0
BG,2020,9,6,0
BG,2021,13,8,0
BG,2022,9,4,0
BG,2023,10,2,0
BG,2024,10,2,1
BG,2025,13,5,0
BG,2026,8,1,0
BH,2015,1,1,0
BH,2019,1,1,0
BH,2021,1,1,0
BH,2022,1,0,0
BH,2023,1,1,0
BH,2024,4,4,0
BH,2025,3,1,0
BH,2026,1,1,0
BI,2020,1,1,0
BI,2025,1,1,0
BJ,2012,1,1,0
BJ,2016,1,0,0
BJ,2019,2,1,0
BJ,2020,10,8,0
BJ,2021,5,3,0
BJ,2022,5,3,0
BJ,2023,7,3,0
BJ,2024,4,2,0
BJ,2025,10,9,0
BJ,2026,1,0,0
BL,2022,1,1,0
BL,2023,1,0,0
BL,2024,1,0,0
BL,2025,1,0,0
BM,2024,1,1,0
BM,2025,1,1,0
BM,2026,1,1,0
BN,2017,1,1,0
BN,2018,1,1,0
BN,2019,3,1,0
BN,2020,1,0,0
BN,2022,2,0,0
BN,2023,3,2,0
BN,2024,4,1,0
BN,2025,2,0,0
BO,2016,1,1,0
BO,2017,1,0,0
BO,2020,2,2,0
BO,2021,2,2,0
BO,2023,1,0,0
BO,2024,2,1,0
BO,2025,3,2,0
BQ,2020,1,1,0
BR,2011,1,1,0
BR,2012,2,1,0
BR,2013,4,3,0
BR,2014,7,4,0
BR,2015,16,10,0
BR,2016,42,31,1
BR,2017,39,16,3
BR,2018,37,14,2
BR,2019,50,28,2
BR,2020,65,28,2
BR,2021,60,25,1
BR,2022,46,19,1
BR,2023,47,17,0
BR,2024,63,28,0
BR,2025,62,26,1
BR,2026,24,6,2
BS,2018,1,1,0
BS,2019,1,0,0
BS,2021,2,1,0
BS,2022,1,0,0
BS,2023,1,0,0
BS,2025,1,1,0
BS,2026,1,0,0
BT,2022,1,1,0
BT,2023,1,0,0
BT,2024,1,0,0
BV,2019,1,1,0
BV,2020,1,0,0
BV,2021,1,0,0
BV,2022,1,1,0
BV,2023,1,0,0
BV,2024,1,1,0
BV,2025,1,0,0
BV,2026,1,0,0
BW,2024,1,1,0
BW,2025,2,1,0
BY,2012,1,1,0
BY,2013,1,0,0
BY,2014,2,1,0
BY,2015,3,1,0
BY,2016,5,4,0
BY,2017,6,3,0
BY,2018,11,9,0
BY,2019,12,3,0
BY,2020,7,1,0
BY,2021,11,6,1
BY,2022,15,7,1
BY,2023,16,7,0
BY,2024,26,14,0
BY,2025,69,52,0
BY,2026,30,10,1
BZ,2013,1,1,0
BZ,2014,1,0,0
BZ,2015,1,0,0
BZ,2016,1,0,0
CA,2011,2,2,1
CA,2012,10,8,1
CA,2013,17,10,1
CA,2014,23,14,1
CA,2015,35,20,1
CA,2016,42,19,0
CA,2017,40,18,1
CA,2018,60,29,1
CA,2019,79,44,0
CA,2020,126,75,1
CA,2021,128,66,1
CA,2022,133,53,1
CA,2023,143,57,1
CA,2024,126,44,2
CA,2025,126,48,2
CA,2026,63,18,0
CC,2024,1,1,0
CC,2026,1,0,0
CD,2025,1,1,0
CD,2026,1,1,0
CF,2015,1,1,0
CG,2011,1,1,0
CG,2012,2,1,1
CG,2013,1,0,0
CG,2014,2,0,0
CG,2015,1,0,1
CG,2016,2,0,1
CG,2017,2,0,1
CG,2018,2,0,1
CG,2019,2,0,1
CG,2020,3,1,1
CG,2021,2,0,0
CG,2022,2,0,0
CG,2023,3,0,0
CG,2024,3,0,0
CG,2025,2,0,0
CG,2026,2,0,0
CH,2011,2,2,0
CH,2012,5,3,2
CH,2013,9,5,1
CH,2014,11,6,0
CH,2015,22,8,1
CH,2016,22,7,1
CH,2017,32,15,0
CH,2018,36,14,1
CH,2019,52,24,2
CH,2020,48,16,2
CH,2021,53,20,2
CH,2022,67,26,4
CH,2023,68,16,3
CH,2024,78,27,2
CH,2025,68,23,1
CH,2026,40,7,0
CI,2019,1,1,0
CI,2020,1,1,0
CI,2021,1,1,0
CI,2023,6,6,0
CI,2024,2,0,0
CI,2025,3,2,0
CI,2026,1,0,0
CK,2020,1,1,0
CK,2021,1,0,0
CK,2022,1,0,0
CK,2024,2,1,0
CK,2026,1,1,0
CL,2016,2,2,0
CL,2017,3,2,0
CL,2018,4,3,0
CL,2019,2,1,0
CL,2020,6,6,0
CL,2021,5,3,0
CL,2022,9,2,0
CL,2023,18,9,0
CL,2024,10,5,0
CL,2025,5,2,0
CL,2026,2,0,0
CM,2020,1,1,0
CM,2021,2,1,0
CM,2022,2,1,0
CM,2023,1,1,0
CM,2024,3,1,0
CM,2025,1,1,0
CM,2026,1,1,0
CN,2011,2,2,0
CN,2012,3,2,1
CN,2013,18,16,1
CN,2014,40,29,2
CN,2015,82,53,5
CN,2016,108,55,4
CN,2017,147,79,6
CN,2018,187,96,10
CN,2019,229,98,9
CN,2020,284,122,7
CN,2021,296,123,12
CN,2022,271,88,10
CN,2023,246,70,6
CN,2024,285,81,6
CN,2025,266,76,7
CN,2026,156,32,2
CO,2011,1,1,0
CO,2012,2,2,0
CO,2013,2,0,0
CO,2014,1,0,0
CO,2015,4,3,0
CO,2016,6,2,0
CO,2017,7,3,0
CO,2018,7,4,0
CO,2019,8,4,0
CO,2020,10,6,0
CO,2021,15,9,0
CO,2022,17,8,0
CO,2023,14,8,0
CO,2024,18,7,0
CO,2025,23,9,0
CO,2026,8,3,2
CR,2019,1,1,0
CR,2020,2,2,0
CR,2021,2,0,0
CR,2022,1,0,0
CR,2023,3,2,0
CR,2025,2,1,0
CR,2026,1,1,0
CU,2018,1,1,0
CU,2020,2,2,0
CU,2021,3,1,0
CU,2022,3,1,0
CU,2023,4,1,0
CU,2024,10,8,0
CU,2025,6,1,0
CU,2026,3,0,0
CV,2012,1,1,0
CV,2013,1,0,0
CV,2016,1,1,0
CV,2018,1,0,0
CV,2019,1,1,0
CV,2020,1,0,0
CV,2022,1,1,0
CV,2024,1,1,0
CW,2025,1,1,0
CX,2013,1,1,0
CX,2014,1,0,1
CX,2015,1,0,0
CX,2016,1,1,0
CX,2017,1,0,0
CX,2018,1,0,0
CX,2020,1,0,0
CX,2021,2,2,0
CX,2022,2,1,0
CX,2023,1,0,0
CX,2024,3,2,0
CX,2025,2,0,0
CY,2016,1,1,0
CY,2017,1,1,0
CY,2018,3,2,0
CY,2019,4,2,0
CY,2020,7,4,0
CY,2021,4,1,0
CY,2022,4,2,0
CY,2023,6,3,0
CY,2024,10,5,0
CY,2025,8,2,0
CY,2026,1,0,0
CZ,2013,1,1,0
CZ,2015,2,1,0
CZ,2017,10,9,0
CZ,2018,13,7,0
CZ,2019,15,7,0
CZ,2020,29,16,0
CZ,2021,28,16,0
CZ,2022,20,9,0
CZ,2023,27,10,1
CZ,2024,25,12,0
CZ,2025,25,10,0
CZ,2026,5,0,0
DE,2011,13,13,9
DE,2012,19,7,9
DE,2013,23,7,9
DE,2014,32,17,6
DE,2015,54,28,7
DE,2016,53,16,8
DE,2017,73,25,5
DE,2018,89,42,6
DE,2019,132,68,6
DE,2020,187,101,6
DE,2021,226,123,6
DE,2022,204,87,9
DE,2023,215,81,8
DE,2024,203,69,9
DE,2025,171,44,8
DE,2026,72,11,1
DJ,2025,2,2,0
DK,2011,3,3,3
DK,2012,2,0,2
DK,2013,3,1,2
DK,2014,6,3,2
DK,2015,5,3,1
DK,2016,9,5,1
DK,2017,13,5,1
DK,2018,17,9,0
DK,2019,31,18,0
DK,2020,27,14,1
DK,2021,36,20,1
DK,2022,41,18,1
DK,2023,43,14,2
DK,2024,43,14,1
DK,2025,32,7,1
DK,2026,17,3,1
DM,2022,1,1,0
DM,2023,1,0,0
DM,2024,1,0,0
DM,2025,2,1,0
DM,2026,1,0,0
DO,2018,1,1,0
DO,2019,3,2,0
DO,2022,1,0,0
DO,2023,1,1,0
DO,2024,1,1,0
DO,2025,3,3,0
DO,2026,1,0,0
DZ,2011,2,2,0
DZ,2012,2,1,0
DZ,2013,3,1,0
DZ,2014,5,3,0
DZ,2015,6,2,0
DZ,2016,10,6,0
DZ,2017,14,9,0
DZ,2018,26,15,0
DZ,2019,32,16,0
DZ,2020,37,17,0
DZ,2021,26,8,0
DZ,2022,42,22,0
DZ,2023,44,16,0
DZ,2024,49,21,1
DZ,2025,83,54,1
DZ,2026,44,12,2
EC,2017,1,1,0
EC,2018,3,2,0
EC,2019,4,2,0
EC,2020,9,6,0
EC,2021,9,5,0
EC,2022,4,0,0
EC,2023,2,0,0
EC,2024,4,2,0
EC,2025,4,3,0
EE,2016,1,1,0
EE,2017,1,0,0
EE,2018,5,5,0
EE,2019,4,1,0
EE,2020,8,5,0
EE,2021,11,8,0
EE,2022,12,7,0
EE,2023,11,5,0
EE,2024,11,6,0
EE,2025,10,3,0
EE,2026,2,0,0
EG,2012,4,4,0
EG,2013,1,0,0
EG,2014,1,0,0
EG,2015,6,4,0
EG,2016,10,5,0
EG,2017,11,8,0
EG,2018,25,19,0
EG,2019,33,21,0
EG,2020,52,33,1
EG,2021,48,21,0
EG,2022,50,28,0
EG,2023,59,31,1
EG,2024,55,23,0
EG,2025,115,83,1
EG,2026,75,38,3
EH,2019,1,1,0
EH,2020,1,0,0
EH,2021,1,0,0
ER,2025,1,1,0
ER,2026,1,0,0
ES,2011,3,3,1
ES,2012,6,3,2
ES,2013,13,7,1
ES,2014,19,9,1
ES,2015,22,10,1
ES,2016,25,14,2
ES,2017,40,20,1
ES,2018,32,14,1
ES,2019,56,31,1
ES,2020,69,44,1
ES,2021,70,29,1
ES,2022,63,29,2
ES,2023,67,33,0
ES,2024,70,26,0
ES,2025,57,23,0
ES,2026,18,6,0
ET,2019,3,3,0
ET,2020,1,0,0
ET,2021,1,0,0
ET,2022,2,2,0
ET,2023,2,1,0
ET,2024,2,1,0
ET,2025,1,1,0
FI,2014,1,1,0
FI,2015,2,2,0
FI,2016,5,4,0
FI,2017,10,6,0
FI,2018,6,3,0
FI,2019,14,10,0
FI,2020,12,7,0
FI,2021,24,15,0
FI,2022,22,8,0
FI,2023,20,9,0
FI,2024,16,5,0
FI,2025,18,7,0
FI,2026,8,1,1
FJ,2017,1,1,0
FJ,2026,1,1,0
FK,2025,1,1,0
FM,2018,1,1,0
FO,2023,1,1,0
FO,2025,1,0,0
FR,2011,8,8,4
FR,2012,14,6,7
FR,2013,31,21,6
FR,2014,46,23,5
FR,2015,71,37,2
FR,2016,107,64,2
FR,2017,134,69,5
FR,2018,167,80,3
FR,2019,168,82,2
FR,2020,214,120,4
FR,2021,284,153,3
FR,2022,312,156,2
FR,2023,333,154,2
FR,2024,320,148,2
FR,2025,301,115,1
FR,2026,146,50,1
GA,2016,1,1,0
GB,2011,1,1,0
GB,2012,4,3,1
GB,2013,10,6,1
GB,2014,12,7,0
GB,2015,26,15,2
GB,2016,44,27,1
GB,2017,66,33,1
GB,2018,70,35,2
GB,2019,88,48,1
GB,2020,169,111,2
GB,2021,138,65,1
GB,2022,122,44,1
GB,2023,119,42,0
GB,2024,107,34,0
GB,2025,104,37,0
GB,2026,40,8,0
GD,2014,1,1,0
GD,2015,1,0,0
GD,2016,1,0,0
GD,2017,1,0,0
GD,2018,1,0,0
GD,2019,1,0,0
GD,2020,1,0,0
GD,2021,1,0,0
GD,2022,1,0,0
GD,2023,1,0,0
GD,2024,1,0,0
GD,2025,1,0,0
GD,2026,1,0,0
GE,2014,1,1,0
GE,2015,1,0,0
GE,2017,4,3,0
GE,2018,2,1,0
GE,2019,3,1,0
GE,2020,1,0,0
GE,2021,2,1,0
GE,2022,2,0,0
GE,2023,5,4,0
GE,2024,3,1,0
GE,2025,6,4,0
GE,2026,2,1,0
GF,2022,1,1,0
GF,2024,1,1,0
GG,2017,1,1,0
GG,2018,1,0,0
GG,2020,2,1,0
GG,2021,2,0,0
GG,2022,1,0,0
GH,2020,3,3,0
GH,2021,2,2,0
GH,2022,3,1,0
GH,2023,2,2,0
GH,2024,2,1,0
GI,2019,1,1,0
GI,2020,1,0,0
GL,2019,1,1,0
GL,2020,1,0,0
GL,2023,1,1,0
GL,2024,1,0,0
GL,2025,1,1,0
GN,2022,2,2,0
GN,2023,3,1,0
GN,2024,3,2,0
GN,2025,1,1,0
GQ,2018,1,1,0
GQ,2019,1,0,0
GQ,2020,1,0,0
GQ,2022,1,0,0
GQ,2023,1,0,0
GQ,2024,1,0,0
GQ,2025,1,0,0
GQ,2026,1,0,0
GR,2014,2,2,0
GR,2015,3,2,0
GR,2016,5,3,0
GR,2017,5,3,0
GR,2018,14,11,1
GR,2019,19,12,0
GR,2020,30,15,1
GR,2021,32,18,1
GR,2022,31,14,1
GR,2023,32,7,1
GR,2024,41,17,2
GR,2025,39,10,0
GR,2026,15,2,0
GS,2019,3,3,0
GS,2020,2,0,0
GS,2021,1,0,0
GS,2022,2,1,0
GS,2023,2,0,0
GS,2024,1,0,0
GS,2025,3,2,0
GS,2026,2,0,0
GT,2018,1,1,0
GT,2021,1,1,0
GT,2022,2,1,0
GT,2023,1,0,0
GU,2018,2,2,0
GU,2019,1,0,0
GU,2020,1,1,0
GU,2021,1,1,0
GU,2022,1,0,0
GU,2023,1,0,0
GU,2024,1,0,0
GU,2025,1,1,0
HK,2011,1,1,0
HK,2012,1,0,0
HK,2013,1,0,0
HK,2014,6,5,0
HK,2015,7,4,0
HK,2016,11,6,0
HK,2017,22,14,1
HK,2018,22,8,0
HK,2019,24,9,1
HK,2020,32,15,1
HK,2021,31,17,1
HK,2022,38,24,1
HK,2023,44,26,1
HK,2024,45,20,1
HK,2025,59,23,0
HK,2026,30,3,0
HM,2012,1,1,0
HM,2014,1,0,0
HM,2015,1,0,0
HM,2016,1,0,0
HM,2017,1,0,0
HM,2018,1,0,0
HM,2019,1,0,0
HM,2020,1,0,0
HM,2021,1,0,0
HM,2022,1,0,0
HM,2023,1,0,0
HM,2024,2,1,0
HM,2025,1,0,0
HM,2026,2,0,0
HN,2022,2,2,0
HN,2023,1,0,0
HR,2015,1,1,0
HR,2016,1,0,0
HR,2017,4,3,0
HR,2018,5,2,0
HR,2019,8,3,0
HR,2020,8,3,0
HR,2021,10,6,0
HR,2022,10,2,0
HR,2023,12,5,0
HR,2024,13,7,0
HR,2025,10,3,0
HR,2026,3,0,0
HU,2012,1,1,0
HU,2013,3,3,1
HU,2014,4,1,1
HU,2015,2,0,1
HU,2016,2,1,1
HU,2017,3,1,1
HU,2018,9,6,1
HU,2019,9,5,2
HU,2020,17,7,1
HU,2021,26,14,1
HU,2022,20,6,0
HU,2023,25,14,0
HU,2024,25,7,0
HU,2025,19,4,0
HU,2026,8,4,0
ID,2011,2,2,0
ID,2012,1,1,0
ID,2013,7,5,0
ID,2014,25,23,0
ID,2015,61,43,1
ID,2016,71,43,0
ID,2017,69,34,0
ID,2018,89,48,1
ID,2019,142,82,0
ID,2020,148,64,0
ID,2021,151,70,2
ID,2022,137,63,0
ID,2023,187,100,2
ID,2024,255,148,3
ID,2025,272,152,3
ID,2026,128,31,4
IE,2014,1,1,0
IE,2015,2,1,0
IE,2016,7,7,0
IE,2017,10,8,0
IE,2018,9,5,0
IE,2019,7,3,0
IE,2020,10,5,0
IE,2021,15,7,0
IE,2022,19,12,0
IE,2023,21,7,0
IE,2024,16,6,0
IE,2025,22,11,1
IE,2026,17,8,0
IL,2013,1,1,0
IL,2014,5,4,0
IL,2015,6,3,1
IL,2016,16,12,1
IL,2017,30,24,1
IL,2018,48,32,3
IL,2019,63,35,2
IL,2020,87,48,2
IL,2021,77,37,1
IL,2022,77,34,1
IL,2023,72,25,0
IL,2024,70,27,0
IL,2025,55,17,0
IL,2026,16,1,0
IM,2011,1,1,0
IM,2013,1,1,0
IM,2014,1,1,0
IM,2015,1,0,0
IM,2016,1,1,0
IM,2018,3,2,0
IM,2019,5,1,0
IM,2020,5,2,0
IM,2021,3,1,0
IM,2022,6,3,0
IM,2023,7,1,0
IM,2024,5,1,0
IM,2025,7,3,0
IM,2026,3,0,0
IN,2011,3,3,1
IN,2012,11,8,1
IN,2013,26,19,1
IN,2014,44,28,1
IN,2015,78,55,0
IN,2016,106,63,2
IN,2017,168,99,2
IN,2018,261,157,2
IN,2019,413,264,4
IN,2020,714,472,4
IN,2021,677,368,6
IN,2022,617,271,3
IN,2023,643,324,1
IN,2024,760,353,4
IN,2025,972,538,6
IN,2026,589,272,7
IQ,2016,1,1,0
IQ,2021,2,2,0
IQ,2022,5,4,0
IQ,2023,5,4,0
IQ,2024,10,6,0
IQ,2025,13,10,0
IQ,2026,10,6,0
IR,2012,1,1,0
IR,2013,19,18,1
IR,2014,30,16,2
IR,2015,30,11,1
IR,2016,39,23,3
IR,2017,25,10,2
IR,2018,42,19,2
IR,2019,48,16,1
IR,2020,77,39,1
IR,2021,69,26,1
IR,2022,53,15,1
IR,2023,59,28,1
IR,2024,65,27,2
IR,2025,75,29,1
IR,2026,24,3,0
IS,2015,1,1,0
IS,2016,5,4,0
IS,2017,3,1,0
IS,2018,5,2,0
IS,2019,6,2,0
IS,2020,8,4,0
IS,2021,7,3,0
IS,2022,6,3,1
IS,2023,5,1,1
IS,2024,5,0,1
IS,2025,5,1,0
IS,2026,1,0,0
IT,2011,6,6,4
IT,2012,4,0,4
IT,2013,6,2,2
IT,2014,4,0,0
IT,2015,11,6,2
IT,2016,15,7,2
IT,2017,29,16,4
IT,2018,46,26,4
IT,2019,74,41,4
IT,2020,126,79,5
IT,2021,121,54,4
IT,2022,110,42,6
IT,2023,126,45,9
IT,2024,132,53,8
IT,2025,130,54,6
IT,2026,65,14,2
JM,2014,1,1,0
JM,2020,1,1,0
JO,2012,1,1,0
JO,2015,1,1,0
JO,2016,2,1,0
JO,2017,2,1,0
JO,2018,4,3,0
JO,2019,9,5,0
JO,2020,16,12,0
JO,2021,17,5,0
JO,2022,33,22,0
JO,2023,45,27,1
JO,2024,66,40,0
JO,2025,58,28,2
JO,2026,29,9,3
JP,2011,2,2,1
JP,2012,14,12,2
JP,2013,29,16,5
JP,2014,65,41,6
JP,2015,85,35,8
JP,2016,111,46,6
JP,2017,125,45,7
JP,2018,171,75,9
JP,2019,189,81,6
JP,2020,200,78,5
JP,2021,227,103,5
JP,2022,203,63,4
JP,2023,204,58,4
JP,2024,192,57,4
JP,2025,187,52,2
JP,2026,97,20,3
KE,2015,1,1,0
KE,2016,1,0,0
KE,2017,1,0,0
KE,2018,6,5,0
KE,2019,9,5,0
KE,2020,10,3,0
KE,2021,13,7,0
KE,2022,15,10,0
KE,2023,23,10,0
KE,2024,22,11,0
KE,2025,30,13,0
KE,2026,8,2,0
KG,2017,2,2,0
KG,2021,1,1,0
KG,2022,1,1,0
KG,2023,2,1,0
KG,2024,6,4,0
KG,2025,6,3,0
KG,2026,5,3,0
KH,2017,1,1,0
KH,2018,1,0,0
KH,2019,3,2,0
KH,2020,1,0,0
KH,2021,2,2,0
KH,2022,3,0,0
KH,2023,3,3,0
KH,2024,8,4,0
KH,2025,4,2,0
KH,2026,2,0,0
KI,2021,1,1,0
KI,2022,2,2,0
KI,2024,1,0,0
KI,2025,2,0,0
KM,2017,1,1,0
KP,2012,1,1,1
KP,2013,1,0,1
KP,2014,2,1,1
KP,2015,1,0,1
KP,2016,4,3,0
KP,2017,5,2,0
KP,2018,5,2,0
KP,2019,3,0,0
KP,2020,2,0,0
KP,2021,2,0,0
KP,2022,2,1,0
KP,2023,5,4,0
KP,2024,4,2,0
KP,2025,7,4,0
KP,2026,2,1,0
KR,2011,7,7,2
KR,2012,23,17,6
KR,2013,42,22,5
KR,2014,43,16,6
KR,2015,65,29,3
KR,2016,74,38,5
KR,2017,101,39,8
KR,2018,135,62,6
KR,2019,181,88,6
KR,2020,182,80,3
KR,2021,165,60,1
KR,2022,194,86,1
KR,2023,170,61,1
KR,2024,166,65,2
KR,2025,162,61,2
KR,2026,101,39,5
KW,2016,2,2,0
KW,2020,1,1,0
KW,2021,1,0,0
KW,2024,1,0,0
KW,2025,1,1,0
KW,2026,2,1,0
KZ,2013,1,1,0
KZ,2014,2,2,0
KZ,2015,2,1,0
KZ,2016,3,1,0
KZ,2017,7,5,0
KZ,2018,6,3,0
KZ,2019,7,5,0
KZ,2020,5,1,0
KZ,2021,9,7,0
KZ,2022,19,11,0
KZ,2023,29,18,1
KZ,2024,75,61,0
KZ,2025,67,39,0
KZ,2026,57,25,3
LA,2018,2,2,0
LA,2019,2,0,0
LA,2020,3,1,0
LA,2022,1,0,0
LA,2023,4,3,0
LA,2024,5,2,0
LA,2025,7,4,0
LA,2026,2,0,0
LB,2019,3,3,0
LB,2020,3,3,0
LB,2021,3,1,0
LB,2022,5,4,0
LB,2023,2,0,0
LB,2024,4,0,0
LB,2025,3,1,0
LB,2026,2,1,0
LC,2014,1,1,0
LC,2015,1,1,0
LC,2016,1,0,0
LC,2017,1,1,0
LC,2018,1,1,0
LC,2019,7,5,0
LC,2020,11,7,0
LC,2021,14,9,0
LC,2022,9,3,0
LC,2023,9,5,0
LC,2024,14,3,0
LC,2025,11,6,0
LC,2026,4,2,0
LI,2018,1,1,0
LI,2023,1,1,0
LI,2024,1,0,0
LI,2025,2,0,0
LK,2015,1,1,0
LK,2016,5,5,0
LK,2017,8,7,0
LK,2018,3,0,0
LK,2019,8,6,0
LK,2020,9,4,0
LK,2021,5,2,0
LK,2022,6,4,0
LK,2023,4,1,0
LK,2024,12,6,0
LK,2025,8,2,0
LK,2026,5,1,0
LS,2024,2,2,0
LS,2025,3,1,0
LS,2026,2,1,0
LT,2013,1,1,0
LT,2014,1,1,0
LT,2015,1,1,0
LT,2016,3,2,0
LT,2017,3,1,0
LT,2018,3,1,0
LT,2019,6,4,0
LT,2020,3,0,0
LT,2021,7,4,0
LT,2022,16,11,0
LT,2023,16,8,0
LT,2024,19,10,0
LT,2025,10,4,0
LT,2026,13,6,0
LU,2012,2,2,0
LU,2013,2,1,0
LU,2014,1,0,0
LU,2015,3,1,0
LU,2016,3,1,0
LU,2017,3,1,0
LU,2018,3,1,0
LU,2019,4,1,0
LU,2020,6,3,0
LU,2021,5,1,0
LU,2022,5,1,0
LU,2023,9,5,0
LU,2024,5,1,0
LU,2025,8,3,0
LU,2026,3,0,0
LV,2014,1,1,0
LV,2015,1,1,0
LV,2018,2,2,0
LV,2019,2,1,0
LV,2020,1,0,0
LV,2021,2,1,0
LV,2022,3,2,0
LV,2023,1,0,0
LV,2024,2,2,0
LV,2025,11,9,0
LV,2026,5,0,0
LY,2017,1,1,0
LY,2025,1,1,0
LY,2026,1,0,0
MA,2013,4,4,0
MA,2014,7,5,0
MA,2015,18,11,1
MA,2016,21,10,1
MA,2017,30,14,1
MA,2018,25,6,0
MA,2019,27,14,0
MA,2020,46,31,0
MA,2021,42,24,0
MA,2022,53,28,0
MA,2023,69,39,0
MA,2024,101,61,0
MA,2025,115,73,0
MA,2026,74,35,4
MC,2017,1,1,0
MC,2020,1,1,0
MC,2022,1,1,0
MC,2023,1,1,0
MC,2024,2,1,0
MC,2025,2,0,0
MD,2017,2,2,0
MD,2018,1,0,0
MD,2019,2,1,0
MD,2020,2,1,0
MD,2021,5,1,0
MD,2022,2,0,0
MD,2023,5,4,0
MD,2024,6,2,0
MD,2025,3,0,0
MD,2026,1,0,0
MF,2017,1,1,0
MF,2024,1,0,0
MF,2025,1,0,0
MF,2026,1,0,0
MG,2016,1,1,0
MG,2017,1,0,0
MG,2019,2,2,0
MG,2020,2,0,0
MG,2021,2,1,0
MG,2022,2,0,0
MG,2023,2,0,0
MG,2024,3,1,0
MG,2025,3,1,0
MG,2026,1,1,0
MK,2018,1,1,0
MK,2019,2,1,0
MK,2020,2,1,0
MK,2021,3,2,0
MK,2022,3,2,0
MK,2023,2,1,0
MK,2024,2,1,0
MK,2025,2,2,0
MK,2026,1,1,0
ML,2022,1,1,0
ML,2023,1,0,0
ML,2024,1,0,0
ML,2025,2,1,0
MM,2013,2,2,0
MM,2015,2,2,0
MM,2016,3,2,0
MM,2017,2,0,0
MM,2018,4,1,0
MM,2019,5,2,0
MM,2020,12,9,0
MM,2021,8,4,0
MM,2022,7,2,0
MM,2023,20,15,0
MM,2024,19,8,0
MM,2025,22,12,0
MM,2026,15,7,0
MN,2012,2,2,0
MN,2013,5,4,0
MN,2014,17,13,0
MN,2015,16,7,1
MN,2016,25,15,0
MN,2017,34,20,0
MN,2018,39,19,0
MN,2019,53,26,0
MN,2020,48,20,0
MN,2021,33,8,0
MN,2022,49,19,0
MN,2023,49,15,0
MN,2024,66,25,0
MN,2025,51,15,2
MN,2026,31,15,5
MO,2020,2,2,0
MO,2021,2,1,0
MO,2022,4,3,0
MO,2023,3,1,0
MO,2024,2,0,0
MO,2025,1,0,0
MP,2011,1,1,0
MP,2015,1,0,0
MP,2021,1,0,0
MP,2023,1,0,0
MP,2024,1,0,0
MQ,2020,1,1,0
MQ,2023,1,0,0
MQ,2024,1,0,0
MR,2018,1,1,0
MR,2019,1,0,0
MR,2020,1,0,0
MR,2021,1,0,0
MR,2022,1,0,0
MR,2023,1,0,0
MR,2024,2,2,0
MR,2025,3,3,0
MR,2026,1,0,0
MS,2022,1,1,0
MS,2023,1,0,0
MT,2015,1,1,0
MT,2016,2,1,0
MT,2021,1,1,0
MT,2022,3,3,0
MT,2023,3,3,1
MT,2024,3,2,1
MT,2025,5,2,1
MT,2026,4,0,0
MV,2019,1,1,0
MV,2024,1,1,0
MV,2025,1,1,0
MV,2026,1,1,0
MX,2013,1,1,0
MX,2014,2,2,0
MX,2015,4,2,0
MX,2016,8,5,0
MX,2017,13,6,0
MX,2018,18,10,0
MX,2019,19,9,0
MX,2020,21,8,0
MX,2021,25,13,0
MX,2022,24,14,0
MX,2023,20,5,0
MX,2024,29,12,0
MX,2025,23,9,0
MX,2026,8,3,0
MY,2011,2,2,0
MY,2012,2,2,0
MY,2013,4,3,0
MY,2014,9,6,0
MY,2015,11,7,0
MY,2016,13,7,0
MY,2017,7,2,0
MY,2018,14,10,0
MY,2019,24,17,0
MY,2020,30,19,0
MY,2021,49,32,0
MY,2022,48,22,0
MY,2023,58,38,0
MY,2024,78,49,0
MY,2025,114,67,0
MY,2026,52,23,1
MZ,2024,1,1,0
NA,2015,1,1,0
NA,2016,1,0,0
NA,2017,1,0,0
NA,2023,1,1,0
NA,2024,2,1,0
NA,2025,2,2,0
NC,2022,1,1,0
NC,2023,1,1,0
NC,2025,1,0,0
NE,2018,1,1,0
NE,2019,1,1,0
NE,2021,1,1,0
NE,2023,1,1,0
NE,2024,1,1,0
NE,2025,4,4,0
NE,2026,2,1,0
NF,2012,1,1,0
NF,2013,1,0,0
NF,2014,1,1,0
NF,2015,3,1,0
NF,2016,2,0,0
NF,2017,1,0,0
NF,2018,1,0,0
NF,2019,3,1,0
NF,2020,3,1,0
NF,2021,2,0,0
NF,2022,5,1,0
NF,2023,4,0,0
NF,2024,4,0,0
NF,2025,4,0,0
NF,2026,3,0,0
NG,2015,1,1,0
NG,2016,1,1,0
NG,2017,2,1,0
NG,2018,4,3,0
NG,2019,3,2,0
NG,2020,2,1,0
NG,2021,7,5,0
NG,2022,5,4,0
NG,2023,6,6,0
NG,2024,5,4,0
NG,2025,7,5,0
NG,2026,4,3,0
NI,2025,1,1,0
NL,2011,2,2,1
NL,2012,6,4,3
NL,2013,13,7,2
NL,2014,18,10,2
NL,2015,30,17,2
NL,2016,35,12,1
NL,2017,36,11,0
NL,2018,44,18,0
NL,2019,49,24,0
NL,2020,66,36,0
NL,2021,68,34,0
NL,2022,69,21,1
NL,2023,75,32,0
NL,2024,58,14,1
NL,2025,49,13,1
NL,2026,22,3,0
NO,2012,2,2,0
NO,2013,4,3,0
NO,2014,6,3,0
NO,2015,9,5,0
NO,2016,16,8,1
NO,2017,20,9,1
NO,2018,16,4,0
NO,2019,33,22,1
NO,2020,41,20,3
NO,2021,46,23,3
NO,2022,50,22,3
NO,2023,61,30,2
NO,2024,66,25,1
NO,2025,71,23,0
NO,2026,21,0,0
NP,2011,1,1,0
NP,2012,1,0,0
NP,2013,1,0,0
NP,2014,1,0,0
NP,2015,1,0,0
NP,2016,2,1,0
NP,2017,3,2,0
NP,2018,4,2,0
NP,2019,10,8,0
NP,2020,16,12,0
NP,2021,11,2,0
NP,2022,12,5,0
NP,2023,19,13,0
NP,2024,28,15,0
NP,2025,39,23,1
NP,2026,25,13,0
NU,2020,1,1,0
NU,2021,1,0,0
NZ,2017,1,1,0
NZ,2018,2,2,0
NZ,2019,7,6,0
NZ,2020,6,4,0
NZ,2021,7,3,0
NZ,2022,10,6,0
NZ,2023,6,3,0
NZ,2024,12,9,0
NZ,2025,13,9,0
NZ,2026,4,2,0
OM,2015,1,1,0
OM,2017,1,1,0
OM,2018,2,0,0
OM,2019,1,0,0
OM,2020,5,3,0
OM,2021,2,0,0
OM,2022,1,0,0
OM,2023,7,6,0
OM,2024,2,1,0
OM,2025,5,3,0
OM,2026,1,1,0
PA,2019,1,1,0
PA,2023,2,2,0
PA,2024,2,0,0
PA,2025,1,0,0
PE,2019,1,1,0
PE,2020,4,4,0
PE,2021,4,2,0
PE,2022,3,1,0
PE,2023,2,1,0
PE,2024,6,4,0
PE,2025,9,8,0
PE,2026,5,2,0
PF,2019,1,1,0
PG,2018,2,2,0
PG,2019,1,1,0
PG,2020,1,0,0
PG,2021,1,0,0
PG,2023,1,1,0
PH,2014,1,1,0
PH,2016,5,5,0
PH,2017,7,4,0
PH,2018,8,5,0
PH,2019,19,16,0
PH,2020,26,17,0
PH,2021,28,15,0
PH,2022,24,11,0
PH,2023,54,38,0
PH,2024,86,54,0
PH,2025,73,33,0
PH,2026,27,9,0
PK,2013,1,1,0
PK,2014,2,2,0
PK,2016,2,2,0
PK,2017,2,0,0
PK,2018,3,2,0
PK,2019,4,0,0
PK,2020,12,10,0
PK,2021,22,18,0
PK,2022,27,15,0
PK,2023,45,28,0
PK,2024,91,64,0
PK,2025,126,82,0
PK,2026,49,23,1
PL,2011,1,1,0
PL,2012,4,3,0
PL,2013,11,8,1
PL,2014,25,17,2
PL,2015,36,23,4
PL,2016,50,28,8
PL,2017,74,38,6
PL,2018,86,39,4
PL,2019,110,53,5
PL,2020,123,52,4
PL,2021,121,42,3
PL,2022,130,49,3
PL,2023,135,48,3
PL,2024,166,71,2
PL,2025,148,60,6
PL,2026,65,10,1
PN,2014,1,1,0
PN,2015,1,0,0
PN,2016,1,0,0
PN,2021,1,0,0
PN,2022,1,0,0
PN,2023,1,0,0
PR,2016,1,1,0
PR,2017,1,0,0
PR,2018,2,1,0
PR,2019,5,3,0
PR,2020,2,1,0
PR,2021,2,1,0
PR,2022,3,0,0
PR,2023,4,3,0
PR,2024,3,1,0
PR,2025,1,0,0
PS,2015,2,2,0
PS,2016,2,0,0
PS,2017,1,0,0
PS,2019,1,1,0
PS,2021,1,0,0
PS,2022,3,3,0
PS,2023,3,0,0
PS,2024,6,3,0
PS,2025,11,6,0
PS,2026,2,0,0
PT,2012,1,1,0
PT,2013,1,1,0
PT,2014,3,2,0
PT,2015,7,5,0
PT,2016,12,7,2
PT,2017,10,4,2
PT,2018,15,6,2
PT,2019,21,13,1
PT,2020,32,18,1
PT,2021,43,17,1
PT,2022,43,16,1
PT,2023,42,13,1
PT,2024,49,24,0
PT,2025,33,10,0
PT,2026,19,4,0
PY,2022,1,1,0
PY,2023,1,0,0
PY,2024,1,1,0
PY,2025,1,1,0
QA,2015,1,1,0
QA,2016,3,2,0
QA,2017,1,0,0
QA,2018,1,0,0
QA,2019,1,0,0
QA,2020,3,2,0
QA,2021,1,0,0
QA,2022,2,1,0
QA,2023,2,0,0
QA,2024,2,0,0
QA,2025,4,3,0
RE,2015,1,1,0
RE,2018,1,1,0
RE,2019,1,1,0
RE,2020,3,1,0
RE,2021,2,0,0
RE,2022,2,1,0
RE,2025,1,1,0
RE,2026,1,0,0
RO,2012,3,3,0
RO,2013,8,5,1
RO,2014,5,3,1
RO,2015,4,2,0
RO,2016,11,7,0
RO,2017,18,9,0
RO,2018,39,25,2
RO,2019,42,25,1
RO,2020,66,39,0
RO,2021,59,24,0
RO,2022,53,24,0
RO,2023,52,17,1
RO,2024,69,36,1
RO,2025,102,60,2
RO,2026,51,22,2
RS,2017,1,1,0
RS,2018,4,4,0
RS,2019,6,3,0
RS,2020,7,5,0
RS,2021,8,6,0
RS,2022,12,6,0
RS,2023,10,4,1
RS,2024,8,3,1
RS,2025,9,5,0
RS,2026,4,2,0
RU,2011,27,27,17
RU,2012,46,23,19
RU,2013,79,41,20
RU,2014,115,53,19
RU,2015,107,39,9
RU,2016,167,89,7
RU,2017,198,81,9
RU,2018,241,106,7
RU,2019,302,136,11
RU,2020,364,173,8
RU,2021,356,169,6
RU,2022,415,207,7
RU,2023,476,200,8
RU,2024,501,215,7
RU,2025,486,180,6
RU,2026,300,92,6
RW,2023,1,1,0
RW,2024,1,1,0
SA,2013,1,1,0
SA,2014,3,2,0
SA,2015,5,4,0
SA,2016,8,3,0
SA,2017,7,1,0
SA,2018,11,7,0
SA,2019,20,14,0
SA,2020,13,4,0
SA,2021,23,15,0
SA,2022,30,13,0
SA,2023,32,14,0
SA,2024,51,28,0
SA,2025,33,8,1
SA,2026,14,2,2
SB,2020,1,1,0
SB,2024,1,0,0
SB,2026,1,0,0
SC,2017,1,1,0
SC,2018,1,1,0
SC,2019,1,1,0
SC,2020,1,1,0
SC,2021,1,1,0
SC,2022,1,0,0
SC,2023,1,1,0
SC,2024,1,1,0
SD,2015,1,1,0
SD,2016,1,1,0
SD,2018,1,1,0
SD,2019,3,2,0
SD,2020,2,0,0
SD,2021,4,3,0
SD,2022,2,1,0
SD,2023,5,2,0
SD,2024,4,1,0
SD,2025,1,0,0
SD,2026,2,1,0
SE,2011,2,2,2
SE,2012,2,0,1
SE,2013,4,2,1
SE,2014,8,7,1
SE,2015,12,7,1
SE,2016,11,5,2
SE,2017,22,14,1
SE,2018,28,16,1
SE,2019,44,25,1
SE,2020,63,36,1
SE,2021,70,30,1
SE,2022,62,29,2
SE,2023,69,27,2
SE,2024,67,27,1
SE,2025,66,18,1
SE,2026,32,3,0
SG,2012,6,6,0
SG,2013,5,2,0
SG,2014,5,3,0
SG,2015,8,5,0
SG,2016,16,11,0
SG,2017,20,11,0
SG,2018,32,19,1
SG,2019,56,34,0
SG,2020,70,30,0
SG,2021,114,67,0
SG,2022,117,60,2
SG,2023,118,46,2
SG,2024,125,58,1
SG,2025,110,50,1
SG,2026,51,15,0
SI,2018,2,2,0
SI,2019,1,1,0
SI,2020,8,6,0
SI,2021,7,3,1
SI,2022,7,5,0
SI,2023,5,1,0
SI,2024,7,2,0
SI,2025,9,1,0
SI,2026,3,0,0
SJ,2023,2,2,0
SJ,2024,2,0,0
SJ,2025,1,0,0
SK,2011,1,1,0
SK,2013,1,0,0
SK,2014,2,2,0
SK,2015,2,0,1
SK,2016,3,1,0
SK,2017,3,2,0
SK,2018,4,1,0
SK,2019,6,4,0
SK,2020,7,4,0
SK,2021,9,3,0
SK,2022,13,7,0
SK,2023,11,2,0
SK,2024,8,1,0
SK,2025,10,5,1
SK,2026,3,1,0
SL,2021,1,1,0
SL,2022,1,0,0
SL,2023,1,0,0
SM,2023,1,1,0
SM,2024,1,0,0
SM,2025,2,1,0
SM,2026,1,0,0
SN,2021,1,1,0
SN,2022,2,2,0
SN,2023,2,2,0
SN,2024,2,1,0
SN,2026,1,1,0
SO,2013,1,1,0
SS,2020,1,1,0
SS,2021,1,0,0
SS,2023,1,0,0
SS,2024,1,0,0
SS,2025,1,0,0
SS,2026,1,0,0
SV,2020,2,2,0
SV,2022,1,0,0
SV,2024,1,1,0
SV,2025,1,1,0
SY,2017,1,1,0
SY,2018,1,0,0
SY,2019,1,0,0
SY,2020,3,2,0
SY,2021,3,1,0
SY,2022,4,2,0
SY,2023,2,1,0
SY,2024,3,2,0
SY,2025,6,2,0
SZ,2024,1,1,0
SZ,2025,1,0,0
SZ,2026,1,0,0
TD,2019,1,1,0
TD,2020,1,0,0
TD,2021,1,0,0
TD,2024,2,2,0
TD,2025,2,2,0
TF,2021,1,1,0
TG,2011,1,1,0
TG,2020,1,1,0
TG,2021,3,2,0
TG,2022,2,1,0
TG,2023,6,5,0
TG,2024,7,4,0
TG,2025,3,0,0
TG,2026,3,0,0
TH,2011,1,1,0
TH,2012,1,0,0
TH,2013,2,1,0
TH,2014,4,3,0
TH,2015,8,5,0
TH,2016,14,8,0
TH,2017,19,11,1
TH,2018,24,10,0
TH,2019,32,15,0
TH,2020,38,21,0
TH,2021,57,26,0
TH,2022,55,22,0
TH,2023,58,24,0
TH,2024,67,31,0
TH,2025,65,32,0
TH,2026,24,10,0
TJ,2013,1,1,0
TJ,2014,1,0,0
TJ,2015,1,0,0
TJ,2016,1,0,0
TJ,2017,1,0,0
TJ,2018,1,0,0
TJ,2019,2,1,0
TJ,2020,1,0,0
TJ,2021,1,0,0
TJ,2022,1,0,0
TJ,2023,1,0,0
TJ,2024,1,0,0
TJ,2025,2,1,0
TJ,2026,2,1,0
TM,2020,1,1,0
TM,2021,1,0,0
TM,2022,1,0,0
TM,2023,2,1,0
TM,2024,1,0,0
TM,2025,1,0,0
TM,2026,2,1,0
TN,2011,1,1,0
TN,2012,2,1,1
TN,2013,7,5,1
TN,2014,14,10,0
TN,2015,23,12,0
TN,2016,18,9,1
TN,2017,28,14,1
TN,2018,35,15,1
TN,2019,40,18,1
TN,2020,47,24,3
TN,2021,47,22,1
TN,2022,45,21,2
TN,2023,46,16,0
TN,2024,81,52,0
TN,2025,59,33,0
TN,2026,31,8,0
TR,2013,3,3,0
TR,2014,7,6,0
TR,2015,15,10,0
TR,2016,19,11,0
TR,2017,45,36,0
TR,2018,34,20,0
TR,2019,51,20,0
TR,2020,49,28,0
TR,2021,44,23,0
TR,2022,51,25,0
TR,2023,55,27,0
TR,2024,51,23,1
TR,2025,59,33,0
TR,2026,22,9,0
TT,2020,2,2,0
TT,2021,1,0,0
TW,2011,1,1,1
TW,2012,1,1,0
TW,2013,5,4,1
TW,2014,29,24,3
TW,2015,41,20,4
TW,2016,44,21,4
TW,2017,48,20,4
TW,2018,63,28,3
TW,2019,84,50,3
TW,2020,99,54,2
TW,2021,105,44,3
TW,2022,92,31,2
TW,2023,100,39,2
TW,2024,95,43,0
TW,2025,111,50,0
TW,2026,61,26,0
TZ,2017,1,1,0
TZ,2020,1,1,0
TZ,2021,4,3,0
TZ,2022,9,7,0
TZ,2023,8,3,0
TZ,2024,13,5,0
TZ,2025,8,3,0
TZ,2026,4,1,0
UA,2011,1,1,1
UA,2012,3,2,2
UA,2013,3,2,1
UA,2014,8,6,1
UA,2015,11,5,1
UA,2016,14,9,1
UA,2017,23,13,1
UA,2018,19,7,1
UA,2019,26,14,1
UA,2020,33,14,1
UA,2021,36,20,0
UA,2022,32,15,0
UA,2023,46,22,0
UA,2024,48,26,0
UA,2025,51,28,0
UA,2026,34,15,2
UG,2011,1,1,0
UG,2019,1,0,0
UG,2020,1,0,0
UG,2021,1,0,0
UG,2022,1,0,0
UG,2024,2,1,0
UG,2025,3,2,0
UG,2026,2,1,0
UM,2013,1,1,0
UM,2019,1,1,0
UM,2020,2,2,0
UM,2021,1,0,0
UM,2023,1,0,0
UM,2025,1,1,0
US,2011,30,30,17
US,2012,47,21,18
US,2013,103,63,18
US,2014,148,72,17
US,2015,231,133,15
US,2016,345,204,11
US,2017,413,205,10
US,2018,415,198,8
US,2019,603,326,12
US,2020,791,451,14
US,2021,792,392,15
US,2022,742,335,11
US,2023,809,366,10
US,2024,767,341,12
US,2025,754,290,14
US,2026,331,95,10
UY,2016,1,1,0
UY,2017,1,0,0
UY,2018,1,0,0
UY,2021,3,3,0
UY,2022,1,1,0
UY,2023,4,2,0
UZ,2017,1,1,0
UZ,2018,1,1,0
UZ,2020,1,1,0
UZ,2022,1,1,0
UZ,2023,5,5,0
UZ,2024,8,6,0
UZ,2025,25,21,0
UZ,2026,19,10,2
VA,2018,2,2,0
VA,2019,3,2,0
VA,2020,2,0,0
VA,2021,4,3,0
VA,2022,5,3,0
VA,2023,3,0,0
VA,2024,1,0,0
VA,2025,1,0,0
VC,2024,1,1,1
VC,2025,1,0,1
VC,2026,1,0,0
VE,2018,1,1,0
VE,2021,1,1,0
VE,2022,1,0,0
VE,2023,1,0,0
VE,2024,1,0,0
VE,2026,1,0,0
VG,2021,1,1,0
VG,2022,1,0,0
VG,2023,1,0,0
VG,2024,1,0,0
VG,2025,1,1,0
VI,2019,1,1,0
VI,2020,1,1,0
VI,2024,2,2,0
VI,2025,1,0,0
VI,2026,1,1,0
VN,2011,2,2,1
VN,2012,6,5,1
VN,2013,19,15,2
VN,2014,41,25,3
VN,2015,44,27,3
VN,2016,57,29,5
VN,2017,77,34,2
VN,2018,96,55,3
VN,2019,114,56,2
VN,2020,159,90,0
VN,2021,235,153,2
VN,2022,211,104,3
VN,2023,235,118,5
VN,2024,317,170,4
VN,2025,397,236,3
VN,2026,206,67,10
VU,2018,2,2,0
VU,2020,1,1,0
WF,2014,1,1,0
WF,2015,1,0,0
WF,2016,1,0,0
WF,2025,1,0,0
WS,2025,1,1,0
YE,2015,1,1,0
YE,2021,1,1,0
YE,2024,1,0,0
YE,2025,4,4,0
YE,2026,2,1,0
ZA,2013,2,2,0
ZA,2016,1,1,0
ZA,2017,2,1,0
ZA,2018,3,1,0
ZA,2019,3,2,0
ZA,2020,9,7,0
ZA,2021,15,9,0
ZA,2022,10,5,0
ZA,2023,12,4,0
ZA,2024,17,8,0
ZA,2025,15,5,0
ZA,2026,9,4,0
ZM,2020,1,1,0
ZM,2025,1,0,0
ZW,2012,1,1,0
ZW,2018,1,1,0
ZW,2019,3,3,0
ZW,2020,3,2,0
ZW,2021,6,5,0
ZW,2022,3,2,0
ZW,2023,4,2,0
ZW,2024,3,0,0
ZW,2025,4,4,0
