country,year,n_teams,n_events,n_academic_teams,top10_appearances,top50_appearances,top100_appearances,median_place,mean_place,total_appearances
AE,2017,1,1,1,0,0,0,838,838,1
AE,2018,1,2,1,0,0,1,493.5,493.5,2
AE,2019,1,5,1,0,0,1,198,168.2,5
AE,2023,1,1,0,0,0,0,496,496,1
AE,2024,1,10,0,0,1,3,290.5,443.6,10
AE,2025,1,3,0,0,0,0,285,321,3
AF,2014,1,3,1,0,0,0,246,219.7,3
AF,2015,2,10,2,0,1,3,174,235.9,11
AF,2016,3,12,1,0,0,1,265.0,330.9,12
AF,2017,4,12,2,0,3,3,246,306.6,13
AF,2018,9,16,3,0,0,2,339,420.1,17
AF,2019,4,9,1,0,1,2,319.0,396,10
AF,2020,2,3,1,0,0,0,816,810.7,3
AF,2021,1,1,0,0,0,0,918,918,1
AF,2022,4,4,0,0,1,1,695,1260,5
AF,2023,3,3,0,0,0,0,577,1187.3,3
AF,2024,3,3,0,0,0,1,167,406.3,3
AF,2025,3,3,0,0,0,0,690,615,3
AG,2021,1,1,0,0,0,0,594,594,1
AG,2024,1,4,0,0,0,0,571.0,499.2,4
AG,2025,1,1,0,0,0,0,927,927,1
AL,2018,1,2,0,0,0,1,386.0,386,2
AL,2019,2,2,0,0,0,0,386.5,386.5,2
AL,2020,1,3,0,0,0,0,132,164.3,3
AL,2021,2,4,0,0,0,0,729.5,670.5,4
AL,2022,2,6,0,0,0,0,456.5,787.3,6
AL,2023,2,4,0,0,0,1,471.0,690,4
AL,2024,2,3,0,0,0,0,395,461.7,3
AL,2025,2,9,0,0,0,0,444,478.1,9
AL,2026,2,2,0,0,0,0,261,267.7,3
AM,2016,1,1,0,0,0,0,254,254,1
AM,2017,2,34,0,0,1,9,226.5,324.4,38
AM,2018,2,50,0,0,3,10,210.5,264.3,56
AM,2019,1,5,0,0,1,2,126,234.6,5
AM,2020,1,6,0,0,0,0,269.0,379.2,6
AM,2021,1,1,0,0,0,0,375,375,1
AM,2022,1,1,0,0,0,0,198,198,1
AO,2015,1,1,1,0,0,0,447,447,1
AQ,2015,1,1,1,0,0,0,339,339,1
AQ,2016,1,2,1,0,1,2,70.0,70,2
AQ,2017,2,8,0,0,3,3,193,192,9
AQ,2018,2,2,0,0,0,0,630.0,630,2
AQ,2019,2,5,1,0,0,0,226,317.6,5
AQ,2020,2,7,1,0,1,1,643,695.9,7
AQ,2021,3,6,1,0,1,2,283.0,514.5,6
AQ,2022,2,9,1,0,0,0,374,474.4,9
AQ,2023,2,9,1,0,0,0,364,578.6,9
AQ,2024,2,23,1,0,0,1,438,513.8,23
AQ,2025,2,23,1,0,1,1,321.0,446.5,24
AQ,2026,1,2,1,0,0,0,445.0,445,2
AR,2011,1,1,1,0,1,1,21,21,1
AR,2012,1,4,0,0,0,2,142.5,144.2,4
AR,2013,2,8,1,1,2,5,83.5,129.9,8
AR,2014,2,2,1,0,0,1,196.5,196.5,2
AR,2015,3,6,1,0,2,2,149.0,204,8
AR,2016,6,11,3,0,1,6,117,193.8,13
AR,2017,3,18,1,0,6,9,143,165.6,21
AR,2018,5,27,1,1,4,11,147,290.2,31
AR,2019,5,21,1,3,6,9,143.0,223.2,24
AR,2020,5,25,1,3,11,16,82.5,272.4,28
AR,2021,3,11,1,4,7,8,99,329.6,15
AR,2022,3,8,1,5,7,7,15.5,213,10
AR,2023,3,6,0,0,1,2,217.5,452.3,6
AR,2024,3,12,1,1,6,6,198.5,399.9,14
AR,2025,5,22,1,0,2,4,256.5,300.4,22
AR,2026,2,2,1,0,0,0,207.5,207.5,2
AS,2025,1,1,1,0,0,0,642,642,1
AT,2011,2,1,1,1,2,2,19.0,19,2
AT,2012,4,6,2,1,5,7,41.0,50.1,8
AT,2013,4,7,2,2,6,8,47.5,80.4,12
AT,2014,5,13,3,1,9,15,69.5,132.5,24
AT,2015,5,19,3,3,13,21,74.0,96.9,34
AT,2016,9,36,6,7,36,52,61,135.1,83
AT,2017,11,50,6,14,43,63,78,152.6,109
AT,2018,14,50,8,8,47,66,72.0,157.4,110
AT,2019,12,48,8,15,52,75,57,136.3,111
AT,2020,11,82,8,17,68,101,61.5,129.0,158
AT,2021,11,68,7,13,45,68,73,158.7,113
AT,2022,9,60,6,6,28,54,73.5,197.7,88
AT,2023,9,85,7,12,66,95,53,121.0,135
AT,2024,9,60,7,8,38,53,57.0,185.7,86
AT,2025,8,65,7,11,37,58,61.5,187.2,86
AT,2026,6,19,6,1,4,10,139.5,169.9,22
AU,2012,1,1,1,0,0,1,89,89,1
AU,2013,6,11,2,4,10,10,29,123.5,15
AU,2014,8,24,3,8,13,25,105,170.9,51
AU,2015,16,32,3,7,19,33,123,173.6,75
AU,2016,21,48,4,5,34,59,87.5,190.0,110
AU,2017,34,63,11,8,35,63,142,253.2,147
AU,2018,30,59,6,2,16,41,190,277.2,129
AU,2019,22,39,7,0,2,15,251,326.2,73
AU,2020,25,52,6,1,11,23,226,361.6,91
AU,2021,25,90,9,4,48,84,95.0,206.4,158
AU,2022,19,50,8,0,15,29,148.5,302.7,72
AU,2023,17,35,5,1,1,10,263,414.8,47
AU,2024,15,32,4,1,2,4,354,467.6,43
AU,2025,16,51,2,4,11,15,237,364.9,57
AU,2026,7,11,2,0,1,3,267,277.2,11
AX,2018,1,1,0,0,0,0,620,620,1
AX,2024,1,1,0,0,0,0,597,597,1
AX,2025,1,3,0,0,0,0,378,479,3
AZ,2018,1,1,0,0,0,0,995,995,1
AZ,2021,1,3,0,0,1,2,60,65.7,3
AZ,2022,1,12,0,0,2,4,147.5,383.7,12
AZ,2023,1,3,0,0,0,0,254,308,3
AZ,2024,1,1,0,0,0,0,983,983,1
BD,2014,1,1,0,0,0,0,258,258,1
BD,2015,1,1,0,0,0,0,170,170,1
BD,2016,1,4,0,0,1,1,289.0,292,4
BD,2017,2,22,0,4,11,17,53.5,137.9,24
BD,2018,2,31,0,7,18,21,50.5,174.4,36
BD,2019,1,19,0,2,9,14,58,72.4,19
BD,2020,3,3,0,0,1,1,208,161.7,3
BD,2021,2,4,0,0,0,0,303.5,976.5,4
BD,2022,2,5,0,0,3,3,41,154.8,5
BD,2023,3,48,0,1,13,27,98,162.2,53
BD,2024,2,18,0,1,7,13,68.5,83.2,18
BD,2025,3,33,1,0,9,15,118,181.8,35
BD,2026,3,19,1,0,0,2,230,249.9,21
BE,2011,1,1,0,0,1,1,45,45,1
BE,2012,1,2,0,0,0,0,192.0,192,2
BE,2013,4,7,0,2,3,7,65.5,70.6,8
BE,2014,7,19,3,4,12,18,126,181.8,39
BE,2015,8,32,3,6,22,37,81,99.2,59
BE,2016,7,27,3,0,11,23,113.0,175.5,50
BE,2017,16,36,4,0,8,25,130,226.2,69
BE,2018,17,37,4,0,13,25,122.5,188.8,70
BE,2019,9,19,2,0,4,7,166,213.7,21
BE,2020,11,16,2,1,3,5,258.5,498.1,20
BE,2021,8,28,2,1,11,20,82,250.1,37
BE,2022,6,18,1,1,8,10,75.0,303.7,18
BE,2023,5,26,2,2,10,15,80,287.3,27
BE,2024,5,26,0,0,6,10,147.5,274.2,26
BE,2025,2,11,1,0,4,6,77,197.9,11
BE,2026,2,2,0,0,0,1,127.0,127,2
BG,2016,2,3,2,0,0,1,382,401,3
BG,2017,2,11,1,0,1,1,370.5,342.4,12
BG,2018,3,9,2,0,2,2,124,180.6,9
BG,2019,2,21,2,0,9,15,57.5,151.1,22
BG,2020,2,5,1,1,1,1,283,308.6,5
BG,2021,2,5,1,0,1,3,92,168,5
BG,2022,2,4,1,0,0,0,760.0,775.8,4
BG,2023,1,2,0,0,0,0,831.0,831,2
BG,2024,1,6,0,0,1,1,176.0,405.2,6
BG,2025,1,1,0,0,0,0,447,447,1
BJ,2012,1,1,0,0,0,0,269,269,1
BJ,2016,1,1,0,0,0,0,668,668,1
BJ,2019,1,1,0,0,0,0,265,265,1
BJ,2020,1,1,0,0,0,0,362,362,1
BJ,2023,1,1,0,0,0,0,209,209,1
BN,2017,1,1,0,0,0,0,247,247,1
BN,2018,1,4,0,0,0,1,282.5,273,4
BN,2019,2,2,0,0,0,0,578.0,578,2
BN,2020,1,1,0,0,0,0,1573,1573,1
BN,2022,1,1,0,0,0,0,435,435,1
BN,2023,1,4,0,0,0,2,163.5,169.8,4
BN,2024,1,4,0,0,0,0,255.0,382,4
BN,2025,2,3,0,0,0,0,253,302.7,3
BR,2011,1,1,0,0,0,0,158,158,1
BR,2012,2,4,1,0,0,0,169.0,170.2,4
BR,2013,3,13,0,0,1,4,149,188.3,15
BR,2014,5,10,0,0,2,5,150,248.1,15
BR,2015,10,28,2,1,10,14,156.5,231.7,46
BR,2016,26,41,6,2,21,41,189.5,233.0,136
BR,2017,26,71,6,10,58,103,142,225.0,287
BR,2018,26,68,4,17,61,99,88.0,186.5,186
BR,2019,19,78,6,13,48,77,176.0,233.7,214
BR,2020,22,79,4,11,39,63,188.5,247.4,184
BR,2021,18,76,5,10,36,55,130,290.9,129
BR,2022,9,59,2,1,26,43,77,204.7,75
BR,2023,11,58,3,2,27,44,72,169.2,73
BR,2024,13,57,4,0,19,37,130.5,217.2,90
BR,2025,12,74,2,5,40,64,86.0,191.3,116
BR,2026,4,31,3,1,3,9,210,253.3,41
BS,2018,1,1,0,0,0,1,81,81,1
BS,2019,1,3,0,0,0,1,111,219.7,3
BS,2021,1,6,0,0,0,0,534.0,919.3,6
BS,2022,1,2,0,0,0,0,1686.5,1686.5,2
BS,2026,1,1,0,0,0,0,293,293,1
BY,2012,1,2,0,0,1,2,45.0,45,2
BY,2013,1,6,0,0,2,3,106.0,126.3,6
BY,2014,2,16,0,0,5,10,86.0,114.8,18
BY,2015,3,9,1,0,1,2,159.0,256.3,10
BY,2016,3,7,2,0,1,1,217.0,424.6,8
BY,2017,4,9,2,0,1,1,368,555.8,9
BY,2018,7,39,4,1,5,7,243.5,290.8,44
BY,2019,6,55,3,0,6,15,244,326.4,59
BY,2020,4,40,1,0,4,5,403.0,451.3,42
BY,2021,3,16,1,0,0,2,394.0,538.2,16
BY,2022,3,4,1,0,0,1,226.0,194.2,4
BY,2023,3,5,2,0,0,1,315,329.6,5
BY,2024,4,15,1,0,2,3,309,491.1,15
BY,2025,3,4,1,0,0,0,442.5,433,4
BY,2026,1,1,0,0,0,0,238,238,1
BZ,2013,1,5,0,0,0,2,185,284.8,5
BZ,2014,1,1,0,0,0,0,860,860,1
BZ,2015,1,2,0,0,0,0,118.0,118,2
BZ,2016,1,1,0,0,0,0,245,245,1
CA,2011,2,4,0,2,4,5,37,35.2,5
CA,2012,7,11,0,5,12,15,32,54.6,19
CA,2013,13,15,1,7,13,20,59.5,123.3,28
CA,2014,18,23,5,7,22,27,102.5,169.5,54
CA,2015,28,39,11,8,20,37,183,242.3,119
CA,2016,32,40,17,4,22,34,192,253.2,131
CA,2017,31,64,13,7,27,59,154.5,223.7,168
CA,2018,47,75,25,7,49,88,139,227.7,203
CA,2019,34,71,11,5,27,52,158,248.4,151
CA,2020,33,63,11,5,18,35,212.0,320.1,116
CA,2021,24,54,10,4,15,29,152.5,283.5,78
CA,2022,25,50,8,4,13,19,232.0,352.9,70
CA,2023,25,57,10,2,13,25,217,287.7,75
CA,2024,26,62,7,1,9,20,285,367.7,85
CA,2025,27,69,8,0,9,22,282,418.5,99
CA,2026,9,20,4,1,2,3,382.0,392.6,22
CG,2011,1,1,0,1,1,1,6,6,1
CG,2012,2,6,0,2,6,7,15,23.4,7
CG,2013,1,4,0,1,4,4,19.5,16.8,4
CG,2014,2,3,0,1,2,2,41,272,3
CG,2015,1,15,0,4,12,15,15,26.5,15
CG,2016,2,26,0,11,22,24,18,47.9,27
CG,2017,2,26,0,5,18,19,25.0,196.1,28
CG,2018,2,15,0,9,13,14,9,79.7,15
CG,2019,2,15,0,0,7,10,56.0,208.1,16
CG,2020,3,29,0,3,15,17,61,223.3,31
CG,2021,2,15,0,0,8,9,44,156.4,15
CG,2022,2,12,0,2,3,3,393.0,505.8,12
CG,2023,3,17,0,2,3,5,321,497.5,17
CG,2024,3,23,0,2,5,6,203.0,353.6,24
CG,2025,2,14,0,0,2,3,434.0,512,14
CG,2026,2,6,0,0,1,1,430.0,378,6
CH,2011,1,3,0,0,1,2,91,105,3
CH,2012,5,11,0,0,10,13,48.5,98.6,18
CH,2013,8,19,0,6,16,22,61,110.7,37
CH,2014,9,22,0,2,9,16,115,187.5,43
CH,2015,17,31,0,1,23,35,91.5,140.6,66
CH,2016,19,44,0,7,34,52,81,153.8,95
CH,2017,26,56,1,5,31,66,127.5,216.6,140
CH,2018,32,73,4,8,49,83,123.0,198.9,190
CH,2019,29,81,4,13,52,90,93.0,178.8,174
CH,2020,20,66,2,12,31,46,157.0,263.4,114
CH,2021,15,62,2,29,49,60,23,160.9,83
CH,2022,20,85,2,45,75,89,20.0,96.3,116
CH,2023,17,77,2,30,59,75,36.5,124.1,108
CH,2024,18,71,2,30,57,63,36.5,180.1,98
CH,2025,15,68,2,22,50,54,24.0,151.9,80
CH,2026,10,9,2,1,7,10,61,194.7,17
CL,2017,1,1,0,0,0,0,137,137,1
CL,2018,2,2,1,0,0,1,198.5,198.5,2
CL,2019,1,1,0,0,0,0,718,718,1
CL,2022,2,2,1,0,0,1,134.5,134.5,2
CL,2023,2,5,1,0,2,3,52,85.2,5
CL,2024,1,1,1,0,0,1,80,80,1
CN,2011,2,2,1,0,1,1,103.0,103,2
CN,2012,3,7,0,1,5,7,28.5,48.5,8
CN,2013,11,26,3,12,27,39,51.0,68.9,54
CN,2014,30,28,12,16,30,48,127.5,198.3,122
CN,2015,57,43,28,40,99,138,106,163.8,281
CN,2016,76,49,37,28,93,138,154,212.8,355
CN,2017,114,75,46,42,132,209,159,233.5,593
CN,2018,125,86,49,65,227,374,119.0,217.8,840
CN,2019,118,100,38,66,239,356,118,206.0,791
CN,2020,122,129,40,76,239,339,122.5,247.2,734
CN,2021,103,112,37,84,249,352,70,199.7,595
CN,2022,89,132,33,84,249,339,60.0,157.5,534
CN,2023,73,170,30,116,259,364,75,188.9,645
CN,2024,79,169,30,103,258,345,91.5,206.0,662
CN,2025,75,142,34,115,269,345,74.0,202.4,612
CN,2026,56,41,24,14,48,69,115.5,206.3,154
CO,2011,1,1,0,0,0,0,262,262,1
CO,2012,2,5,0,0,0,2,115.5,133.5,6
CO,2013,2,7,0,0,0,3,168.0,179.1,8
CO,2014,1,3,0,0,0,0,835,732.7,3
CO,2015,3,7,0,0,0,0,330,324,9
CO,2016,5,19,0,0,0,3,337,392.3,21
CO,2017,6,23,0,0,0,1,310.5,415.6,30
CO,2018,3,22,0,0,0,2,322.5,388.5,28
CO,2019,3,39,0,0,2,5,269.0,317.4,46
CO,2020,2,4,0,0,0,0,405.5,476,4
CO,2021,3,6,0,0,0,0,309.0,440,6
CO,2022,2,8,0,1,2,2,241.0,302,8
CO,2023,2,3,0,0,0,0,290,249.3,3
CO,2024,1,4,0,0,0,0,342.5,395,4
CO,2025,4,4,0,0,0,0,477.0,523,4
CO,2026,1,3,0,0,0,3,61,64.3,3
CU,2018,1,1,0,0,0,0,917,917,1
CU,2021,1,1,0,0,0,0,211,211,1
CU,2022,1,2,0,0,0,2,72.0,72,2
CU,2023,1,3,0,0,0,0,187,190,3
CU,2024,1,1,0,0,0,0,699,699,1
CV,2012,1,1,0,0,0,0,516,516,1
CV,2013,1,3,0,0,0,0,276,525.7,3
CV,2016,1,1,1,0,0,0,167,167,1
CV,2018,1,1,0,0,0,1,77,77,1
CX,2013,1,1,0,1,1,1,6,6,1
CX,2014,1,11,0,2,7,9,25,106.6,11
CX,2016,1,1,0,0,0,0,182,182,1
CX,2017,1,3,0,0,0,0,159,268.3,3
CX,2018,1,1,0,0,0,1,68,68,1
CX,2020,1,3,0,0,0,0,419,492,3
CX,2022,1,1,0,0,0,0,620,620,1
CX,2023,1,1,0,0,0,0,338,338,1
CX,2025,1,3,0,0,0,1,262,526.3,3
CY,2016,1,1,1,0,0,0,296,296,1
CY,2017,1,3,0,0,1,2,78,104,3
CY,2018,1,1,0,0,1,1,17,17,1
CY,2019,1,3,0,1,3,3,20,17.7,3
CY,2020,1,1,0,0,0,0,206,206,1
CY,2023,1,1,0,0,0,0,431,431,1
CZ,2013,1,1,0,0,0,0,358,358,1
CZ,2015,2,2,0,0,0,0,240.5,240.5,2
CZ,2017,7,15,3,0,2,3,246,433.4,17
CZ,2018,11,37,1,1,6,17,183,308.8,47
CZ,2019,8,44,1,2,21,31,117.0,195.2,76
CZ,2020,10,51,2,5,24,33,101.5,200.9,70
CZ,2021,5,20,0,2,11,14,62.0,257.7,22
CZ,2022,6,44,1,3,18,29,70.5,164.1,48
CZ,2023,5,24,1,4,15,19,47,104.0,25
CZ,2024,6,34,1,1,14,21,60.5,241.6,34
CZ,2025,5,15,1,3,9,12,41,124.4,15
CZ,2026,2,2,0,0,1,2,51.5,51.5,2
DE,2011,11,8,6,13,25,30,17,29.1,31
DE,2012,14,21,4,14,51,84,40.5,53.4,92
DE,2013,20,29,10,24,95,149,46,60.4,173
DE,2014,25,34,10,26,69,110,70,109.4,173
DE,2015,43,47,20,39,121,172,75,134.4,299
DE,2016,44,57,19,31,102,186,98.0,169.2,366
DE,2017,55,81,22,48,135,206,93,195.3,403
DE,2018,66,83,27,40,137,209,123.0,210.0,470
DE,2019,61,107,18,51,163,239,115.0,208.0,512
DE,2020,56,141,15,53,175,262,131,214.4,613
DE,2021,54,132,17,44,156,214,117,215.2,457
DE,2022,45,135,16,39,138,210,81,162.0,373
DE,2023,46,128,17,64,162,217,56.0,147.8,342
DE,2024,46,107,14,41,115,150,61,166.9,257
DE,2025,40,113,14,32,74,111,132.0,278.7,254
DE,2026,24,27,9,2,5,8,251.5,332.6,46
DK,2011,3,6,0,4,5,7,7,26.1,7
DK,2012,2,11,0,7,11,12,8.0,16.2,12
DK,2013,2,20,0,8,20,22,17.5,31.6,24
DK,2014,3,17,0,8,13,16,21.5,36,18
DK,2015,4,32,1,8,15,28,80,136.6,47
DK,2016,8,32,1,1,15,17,118,147.5,41
DK,2017,9,33,2,1,8,20,167,233.0,63
DK,2018,14,45,2,0,9,26,170.0,240.3,76
DK,2019,11,66,1,2,25,40,147,216.8,117
DK,2020,8,49,0,1,20,29,121.0,247.8,64
DK,2021,9,21,1,4,10,11,129,262.1,23
DK,2022,9,27,1,7,11,17,92.0,222.8,32
DK,2023,9,18,1,3,12,12,50,340.1,23
DK,2024,7,22,1,4,11,13,86,243.6,23
DK,2025,6,28,1,3,9,11,164.0,363.8,28
DK,2026,2,3,0,0,0,0,225,403.3,3
DO,2018,1,2,0,0,0,1,291.0,291,2
DO,2019,1,1,0,0,0,0,106,106,1
DO,2022,1,1,0,0,1,1,44,44,1
DO,2023,1,1,1,0,0,0,4380,4380,1
DZ,2011,2,3,0,0,1,1,163,138,3
DZ,2012,2,11,0,0,3,7,104.0,101.8,14
DZ,2013,2,5,0,0,0,3,149.0,193,6
DZ,2014,4,11,1,0,0,3,203.5,272.9,18
DZ,2015,5,21,1,0,1,4,242.0,268.6,26
DZ,2016,8,31,2,1,3,12,185,245.2,61
DZ,2017,13,59,3,0,17,41,162.0,244.8,118
DZ,2018,19,55,7,4,23,39,215,312.9,133
DZ,2019,11,57,3,2,17,35,129,227.7,83
DZ,2020,13,40,5,4,14,20,174.0,286.4,54
DZ,2021,5,19,2,1,3,5,282,481.1,19
DZ,2022,5,22,1,0,1,4,136.0,237.5,22
DZ,2023,6,52,1,5,6,10,376.0,369.1,56
DZ,2024,7,14,2,1,2,2,437.5,501.6,18
DZ,2025,7,17,2,1,2,3,421.0,492.2,18
DZ,2026,3,5,1,0,0,0,453,395.2,5
EC,2017,1,11,0,0,3,4,119,180.4,11
EC,2018,2,11,0,1,3,7,68.5,162.9,12
EC,2019,2,14,0,0,1,8,95.5,146.7,14
EC,2020,2,12,0,0,2,6,117.5,121.6,12
EC,2021,1,8,0,1,2,3,123.0,120.6,8
EC,2022,1,8,0,0,3,3,200.5,289.5,8
EC,2024,1,2,0,0,0,1,139.0,139,2
EE,2016,1,1,0,0,0,0,630,630,1
EE,2017,1,10,0,0,0,0,374.0,430.4,10
EE,2018,4,10,2,0,4,6,70.0,154.7,10
EE,2019,2,26,0,3,4,10,236,306.9,29
EE,2020,3,15,0,0,3,4,313,440.3,15
EE,2021,2,4,0,0,0,1,206.0,219.5,4
EE,2022,1,3,0,0,2,2,34,81.7,3
EE,2023,2,3,0,0,0,1,148,206,3
EE,2024,1,2,0,0,1,2,54.0,54,2
EE,2025,2,4,0,0,0,2,116.0,220,4
EG,2012,3,3,1,1,4,4,27.0,24,4
EG,2013,1,1,0,0,0,0,321,321,1
EG,2014,1,1,0,0,0,0,507,507,1
EG,2015,4,17,0,0,1,5,156.0,232.3,18
EG,2016,8,16,3,0,0,0,355,376.4,19
EG,2017,9,24,2,2,8,11,143.5,295.4,30
EG,2018,14,39,5,1,1,6,322.5,395.8,58
EG,2019,9,55,2,0,16,23,149.0,228.9,68
EG,2020,8,51,2,3,14,19,241,348.4,59
EG,2021,6,16,1,2,7,8,191,540.5,17
EG,2022,5,17,0,4,7,8,136.0,271.3,18
EG,2023,7,17,2,0,8,10,104,447.5,21
EG,2024,8,10,2,0,2,2,328,532.5,13
EG,2025,12,21,6,0,2,7,306.5,522.9,26
EG,2026,4,6,0,0,1,1,547.5,472.7,6
ES,2011,3,8,0,3,7,9,26.5,44.2,10
ES,2012,5,19,0,5,18,26,48.0,89.1,34
ES,2013,7,28,0,12,21,25,97.5,116.4,50
ES,2014,12,29,0,15,34,40,82.0,139.4,78
ES,2015,14,37,0,9,30,45,149.0,181.3,118
ES,2016,16,45,0,11,54,78,140.5,197.9,182
ES,2017,24,61,3,5,34,65,169.5,252.5,208
ES,2018,22,51,3,6,28,50,115,216.8,105
ES,2019,21,69,2,11,47,71,123,219.8,165
ES,2020,18,72,2,6,37,64,107.5,256.6,132
ES,2021,16,81,2,4,36,56,147,291.0,125
ES,2022,12,68,2,7,24,32,175,219.5,83
ES,2023,10,37,1,2,11,20,117,213.6,45
ES,2024,13,28,1,0,7,11,342,475.2,33
ES,2025,12,38,1,1,3,8,287.5,455.4,44
ES,2026,6,13,0,1,1,2,375.5,379.9,14
FI,2016,3,8,0,0,1,1,463.5,504.2,8
FI,2017,6,8,0,0,0,0,625,759.5,11
FI,2018,2,6,0,0,0,0,184.0,251.8,6
FI,2019,2,3,0,0,0,0,379.5,348,4
FI,2020,1,2,0,0,0,0,333.0,333,2
FI,2021,2,4,0,0,0,0,365.5,400,4
FI,2022,2,3,0,0,0,1,633,825,3
FI,2023,2,7,0,0,0,1,380,330,7
FI,2024,3,3,0,0,0,0,168,200,3
FI,2025,3,3,0,1,1,1,183,223.3,3
FI,2026,1,2,0,0,0,0,622.0,622,2
FR,2011,8,8,1,8,26,28,21.5,39,30
FR,2012,12,19,1,20,57,69,22.0,47.3,82
FR,2013,24,28,3,17,76,104,44,77.5,133
FR,2014,37,31,5,6,47,90,127,172.9,237
FR,2015,50,43,11,12,69,115,119,177.4,261
FR,2016,73,55,9,29,131,211,114,186.4,459
FR,2017,91,78,19,46,198,323,132.0,213.8,784
FR,2018,118,83,32,37,168,303,140,207.6,801
FR,2019,73,97,20,24,84,155,180.5,251.5,536
FR,2020,61,121,12,16,90,164,149,272.6,417
FR,2021,61,74,12,10,38,67,158.0,345.5,154
FR,2022,50,90,7,7,32,41,226,432.8,171
FR,2023,45,96,9,7,40,69,174,272.5,179
FR,2024,31,92,7,9,29,52,152.0,243.8,150
FR,2025,32,83,10,2,17,33,228.0,330.0,130
FR,2026,16,15,7,1,2,5,329,338.1,23
GB,2011,1,2,0,0,2,2,37.0,37,2
GB,2012,3,6,1,0,5,6,33,79.7,7
GB,2013,9,18,1,0,12,19,57.0,149.9,30
GB,2014,10,18,3,1,6,13,117,190.7,29
GB,2015,21,35,7,2,23,56,97.0,167.3,104
GB,2016,37,45,17,3,32,63,174.5,225.4,188
GB,2017,47,56,19,10,42,72,168,285.3,201
GB,2018,47,74,15,10,74,131,122,205.9,301
GB,2019,40,79,11,4,45,91,186,276.3,277
GB,2020,40,111,9,8,55,104,191.0,296.3,324
GB,2021,32,63,8,3,18,32,201.0,393.6,102
GB,2022,30,67,5,0,6,12,313,469.9,103
GB,2023,26,60,6,1,6,16,295.5,425.2,74
GB,2024,24,65,5,0,6,19,253,351.3,93
GB,2025,21,55,5,2,5,10,390,446.3,77
GB,2026,11,19,2,2,3,5,256,274.5,19
GD,2014,1,1,0,0,0,0,360,360,1
GD,2015,1,3,0,0,0,0,305,444,3
GD,2016,1,2,0,0,1,1,241.5,241.5,2
GD,2017,1,2,0,0,0,0,486.5,486.5,2
GD,2018,1,4,0,0,0,1,759.5,773.2,4
GD,2019,1,6,0,0,1,1,472.5,506.3,6
GD,2020,1,3,0,0,0,0,487,818,3
GD,2021,1,5,0,0,1,1,324,404.4,5
GD,2022,1,6,0,0,0,1,348.0,397.3,6
GD,2023,1,3,0,0,1,1,443,329.7,3
GD,2024,1,5,0,0,1,1,718,625,5
GD,2025,1,8,0,0,0,1,149.0,195.9,8
GD,2026,1,4,0,0,0,0,586.5,511.2,4
GE,2014,1,3,0,0,0,0,514,488,3
GE,2015,1,1,0,0,0,0,238,238,1
GE,2017,3,3,0,0,0,0,487.5,524.2,4
GE,2018,1,7,0,0,0,1,196,238.4,7
GE,2019,1,1,0,0,0,0,774,774,1
GE,2020,1,4,0,0,0,1,188.5,201.2,4
GE,2021,1,1,1,0,0,0,378,378,1
GE,2022,1,1,1,0,0,0,1334,1334,1
GE,2024,1,1,0,0,0,0,862,862,1
GE,2025,1,1,0,0,0,0,334,334,1
GG,2017,1,1,0,0,0,0,443,443,1
GG,2018,1,2,0,0,1,2,51.0,51,2
GG,2020,2,2,0,1,1,1,63.0,63,2
GG,2021,2,2,0,1,1,1,58.5,58.5,2
GG,2022,1,5,0,0,2,2,351,472.8,5
GQ,2018,1,6,0,0,1,2,182.0,347.3,6
GQ,2019,1,4,0,0,0,1,511.0,541.8,4
GQ,2020,1,3,0,0,1,2,53,151.3,3
GQ,2022,1,4,0,0,0,0,246.5,760,4
GQ,2023,1,1,0,0,0,0,404,404,1
GQ,2024,1,1,0,0,0,0,781,781,1
GQ,2025,1,9,0,0,3,3,229,350.2,9
GQ,2026,1,4,0,0,0,0,554.5,488.5,4
GR,2014,1,3,0,0,0,0,252,462,3
GR,2015,1,4,0,0,0,0,403.0,448.8,4
GR,2016,2,11,0,2,4,6,103.5,149.7,12
GR,2017,3,22,0,3,9,18,81,190.4,27
GR,2018,8,40,3,13,23,27,97,228.6,53
GR,2019,5,12,0,1,3,3,360.5,355.9,14
GR,2020,5,43,1,8,14,22,107.5,193.1,46
GR,2021,3,22,1,11,18,20,11.0,37.3,22
GR,2022,2,2,1,0,0,0,490.0,490,2
GR,2024,2,2,1,0,0,1,469.0,469,2
GR,2025,2,3,1,0,0,0,432,807.3,3
GR,2026,1,1,0,0,0,1,64,64,1
GS,2019,1,1,0,0,0,0,305,305,1
GS,2020,1,2,0,0,0,0,423.5,423.5,2
GS,2021,1,4,0,0,0,2,98.5,172.8,4
GS,2022,1,3,0,0,0,2,72,133,3
GS,2023,1,1,0,0,0,1,78,78,1
GT,2018,1,1,1,0,0,0,316,316,1
GU,2018,1,1,1,0,0,0,1047,1047,1
HK,2011,1,2,0,0,1,2,58.5,58.5,2
HK,2012,1,3,0,0,1,3,83,71.7,3
HK,2013,1,7,0,0,4,6,46,53.3,7
HK,2014,5,15,1,0,1,4,180.0,218.8,26
HK,2015,6,11,2,0,1,6,112.0,177.8,14
HK,2016,8,21,4,0,0,7,173.5,201.2,28
HK,2017,15,48,5,5,17,36,132.5,252.6,110
HK,2018,19,58,6,2,23,48,142,215.1,137
HK,2019,16,32,5,0,4,6,240,309,47
HK,2020,12,18,2,1,1,4,398,527.9,19
HK,2021,7,17,3,2,6,6,222.0,250.1,18
HK,2022,4,11,1,2,4,5,145,436.5,11
HK,2023,7,21,2,1,2,7,247,280.0,21
HK,2024,5,16,1,3,9,10,35.5,196,16
HK,2025,6,21,1,1,4,8,141.5,375.8,22
HK,2026,3,10,1,2,5,5,74.5,147.5,10
HM,2012,1,1,1,0,0,0,102,102,1
HM,2014,1,1,1,0,0,0,555,555,1
HM,2015,1,1,1,0,0,0,353,353,1
HM,2016,1,2,1,0,0,0,240.5,240.5,2
HM,2017,1,1,1,0,0,0,1087,1087,1
HM,2018,1,2,1,0,0,0,1049.5,1049.5,2
HM,2019,1,2,1,0,0,1,161.0,161,2
HM,2020,1,2,1,0,0,0,547.0,547,2
HM,2021,1,2,1,0,1,1,395.0,395,2
HM,2022,1,5,1,0,0,1,149,223.8,5
HM,2023,1,6,1,0,3,4,59.0,129.8,6
HM,2024,1,3,1,0,0,0,397,378.7,3
HM,2025,1,5,1,0,0,0,342,371.8,5
HM,2026,1,3,1,0,0,0,376,483.3,3
HR,2015,1,5,0,0,0,0,234,418.8,5
HR,2016,1,5,0,1,1,4,67,148,5
HR,2017,3,22,0,0,2,9,150.0,215.2,24
HR,2018,4,55,1,0,3,22,172,218.1,73
HR,2019,3,83,1,0,5,25,156.5,198.4,94
HR,2020,3,110,0,0,6,26,197,243.5,117
HR,2021,2,107,0,1,11,30,168,241.3,107
HR,2022,3,15,0,0,1,5,141.5,397.5,16
HR,2023,2,3,0,0,1,1,277,248,3
HR,2025,1,1,0,0,0,0,731,731,1
HU,2013,3,12,0,2,8,11,38.5,64.3,14
HU,2014,3,28,0,6,26,29,25.5,105.8,36
HU,2015,1,35,0,18,33,34,10,21.9,35
HU,2016,2,33,0,10,21,27,16,97.7,35
HU,2017,2,16,0,9,15,15,11.0,98.9,18
HU,2018,7,43,2,10,21,30,74,143.4,53
HU,2019,4,57,1,11,33,43,77,132.6,77
HU,2020,6,55,1,5,20,35,105.0,178.8,70
HU,2021,6,28,2,7,17,19,42.5,199.7,32
HU,2022,5,23,1,2,8,9,133.5,288.0,24
HU,2023,2,3,1,0,1,1,124,276.7,3
ID,2011,1,1,0,0,0,1,90,90,1
ID,2012,1,1,0,0,0,0,311,311,1
ID,2013,5,5,1,0,1,3,305,299.6,7
ID,2014,14,18,5,0,0,12,205,246.7,49
ID,2015,41,35,14,0,13,40,253,300.7,231
ID,2016,52,44,24,0,10,31,309.0,357.0,270
ID,2017,54,61,27,2,15,39,295,382.6,267
ID,2018,67,73,33,5,35,85,245,320.8,423
ID,2019,54,89,25,10,51,105,221,293.3,411
ID,2020,55,126,25,17,60,116,218.5,307.1,424
ID,2021,43,93,19,1,21,40,208.5,391.0,166
ID,2022,30,71,12,3,18,35,164.5,293.2,106
ID,2023,29,109,14,9,49,78,142,244.5,189
ID,2024,35,119,14,26,71,98,146.0,276.1,232
ID,2025,29,149,13,28,71,122,174.5,243.9,326
ID,2026,23,53,11,5,28,52,132.5,223.0,124
IE,2014,1,5,1,0,0,0,172,183.4,5
IE,2016,3,4,1,1,1,2,160.5,187.8,4
IE,2017,5,16,3,0,3,3,303,356.1,17
IE,2018,5,11,2,0,1,1,428,545.2,13
IE,2019,2,16,0,0,0,2,281.0,316.6,16
IE,2020,2,15,0,0,1,3,233,276.7,15
IE,2021,2,26,0,0,1,2,283.5,396.8,26
IE,2022,3,14,1,0,1,2,486.0,742.9,14
IE,2023,2,7,0,0,1,2,123,266.3,7
IE,2024,2,10,0,0,0,3,231.0,342.6,10
IE,2025,3,15,1,0,0,2,368.0,402.1,16
IE,2026,2,8,1,0,1,3,400.0,431.8,8
IL,2013,1,1,0,1,1,1,5,5,1
IL,2014,3,6,1,1,1,2,324.5,373,6
IL,2015,3,7,0,2,2,2,344.0,370.6,8
IL,2016,8,15,1,2,4,6,216,289.2,17
IL,2017,19,44,4,10,19,31,154,275.3,79
IL,2018,27,57,3,12,38,66,153.0,212.5,170
IL,2019,21,68,2,8,23,44,187,285.6,141
IL,2020,22,65,4,10,21,39,222,365.0,123
IL,2021,10,37,1,6,15,22,137,226.2,49
IL,2022,9,22,1,3,5,7,231.5,456.3,26
IL,2023,12,19,2,0,4,5,251.0,370.0,22
IL,2024,9,10,1,1,2,3,274,615.7,11
IL,2025,8,15,1,2,4,6,182.0,447.5,16
IL,2026,1,1,0,0,0,0,131,131,1
IM,2011,1,1,0,0,0,0,113,113,1
IM,2013,1,1,1,0,1,1,11,11,1
IM,2014,1,1,1,0,0,0,262,262,1
IM,2015,1,1,1,0,0,0,138,138,1
IM,2016,1,1,1,0,0,0,800,800,1
IM,2018,1,2,1,0,0,0,541.0,541,2
IM,2019,3,7,2,0,0,0,697.0,740,8
IM,2020,3,8,2,0,1,1,334.5,385.6,8
IM,2021,1,2,1,0,0,0,1253.5,1253.5,2
IM,2022,2,8,1,0,0,0,478.0,827.9,8
IM,2023,3,8,2,0,0,0,651.5,1015.2,10
IM,2024,2,7,1,0,0,0,890,1010.7,7
IM,2025,2,4,1,0,0,0,958.0,1136.2,4
IM,2026,1,6,1,0,1,1,345.5,438.7,6
IN,2011,3,5,1,1,2,4,84.5,86,8
IN,2012,9,15,2,0,9,18,91,136.5,35
IN,2013,19,26,3,2,19,42,105.5,179.4,90
IN,2014,28,25,8,2,13,31,181.0,258.6,130
IN,2015,57,38,31,1,24,56,198.5,263.0,218
IN,2016,88,54,46,3,38,93,222.0,287.8,430
IN,2017,122,70,62,15,79,184,215.5,318.3,724
IN,2018,176,82,87,26,121,254,253,338.4,1019
IN,2019,133,105,59,38,172,301,182,270.1,909
IN,2020,145,156,52,40,200,366,180,307.4,1057
IN,2021,113,162,42,43,195,302,157,307.9,777
IN,2022,95,154,35,16,112,192,202.5,311.8,596
IN,2023,83,169,34,15,133,238,157,281.0,607
IN,2024,95,186,42,62,207,323,135,264.3,777
IN,2025,95,177,33,62,221,339,141,253.7,777
IN,2026,47,65,18,17,62,101,138,195.6,253
IQ,2016,1,1,1,0,0,0,469,469,1
IR,2012,1,4,0,0,2,4,59.5,58.8,4
IR,2013,16,25,1,7,29,50,71.5,111.9,78
IR,2014,20,25,1,2,21,42,158.0,232.8,116
IR,2015,21,36,3,6,21,35,116.0,204.3,84
IR,2016,34,49,10,9,40,65,125,241.3,153
IR,2017,20,60,8,8,52,74,88.0,233.7,142
IR,2018,30,68,9,10,37,57,185,291.7,189
IR,2019,29,68,7,3,18,25,264,332.4,125
IR,2020,26,79,4,3,11,24,349,435.9,143
IR,2021,25,53,5,1,8,14,272,412.3,83
IR,2022,19,47,4,3,9,12,367,537.1,67
IR,2023,15,55,3,0,8,14,255.5,375.0,76
IR,2024,17,67,4,2,12,18,271.0,406.4,94
IR,2025,26,59,5,2,10,10,365.5,473.2,70
IR,2026,11,25,1,1,5,7,247,320.7,31
IS,2015,1,4,0,0,0,0,339.0,336.2,4
IS,2016,3,15,0,0,0,2,264,369.6,19
IS,2017,3,7,0,0,0,0,228.5,256.5,8
IS,2018,4,3,1,0,1,2,279.5,398.5,4
IS,2019,3,12,0,0,1,3,473.0,436.4,12
IS,2020,4,7,0,0,0,2,600,569.3,7
IS,2021,3,3,0,0,0,0,453.5,566.5,4
IS,2022,2,23,0,0,0,3,201,265.5,23
IS,2023,2,19,0,0,0,0,322,352.4,21
IS,2024,3,7,0,0,1,1,365,415.7,7
IS,2025,1,1,0,0,0,0,305,305,1
IT,2011,5,7,1,2,14,15,23,43.1,17
IT,2012,4,13,1,1,22,32,42,54.1,35
IT,2013,5,23,1,3,15,36,66,84.4,43
IT,2014,4,15,1,0,11,18,64.0,119.2,28
IT,2015,10,28,2,2,21,34,75,174.9,61
IT,2016,12,40,4,2,25,50,100.5,201.7,100
IT,2017,22,63,8,16,63,107,89,185.5,205
IT,2018,33,75,11,21,93,152,77.5,176.4,266
IT,2019,30,92,10,26,97,140,89,185.8,267
IT,2020,24,98,8,35,91,126,77,152.5,217
IT,2021,19,86,7,26,74,100,64,203.3,167
IT,2022,19,96,7,24,71,91,66,192.7,157
IT,2023,20,96,6,35,91,115,44,158.0,167
IT,2024,15,95,5,30,79,96,37.5,143.2,142
IT,2025,16,89,4,40,80,90,26,133.0,133
IT,2026,7,17,3,2,11,13,64.0,200.1,22
JO,2012,1,1,0,0,0,0,597,597,1
JO,2015,1,1,0,0,0,0,307,307,1
JO,2016,1,1,0,0,0,0,572,572,1
JO,2017,1,1,0,0,0,0,263,263,1
JO,2018,4,28,3,0,6,9,191,271.4,37
JO,2019,4,20,2,0,2,6,173.5,291.8,24
JO,2020,3,26,1,1,9,17,68.0,213.2,28
JO,2021,2,4,1,0,2,2,112.5,123.5,4
JO,2022,2,7,1,1,2,4,59,308,7
JO,2023,1,43,0,8,20,31,55,127.4,43
JO,2024,1,40,0,7,23,31,46.5,104.6,40
JO,2025,1,38,0,7,23,27,26.5,89.3,38
JO,2026,1,9,0,1,3,6,63,141.7,9
JP,2011,2,9,0,3,8,11,38,33.6,11
JP,2012,14,21,0,9,27,45,67,89.2,63
JP,2013,26,32,2,10,58,106,73,108.5,165
JP,2014,56,32,6,13,86,168,120.0,163.6,394
JP,2015,72,44,11,34,145,224,120.5,164.2,526
JP,2016,93,61,19,42,160,279,136.0,187.3,718
JP,2017,102,79,18,65,255,413,117,190.4,907
JP,2018,124,91,26,70,268,457,115.5,187.8,992
JP,2019,99,111,17,54,276,459,146,227.3,1171
JP,2020,90,152,15,42,234,429,125,244.0,1051
JP,2021,67,146,6,50,218,387,100,195.6,771
JP,2022,61,152,7,33,192,330,104.5,191.5,676
JP,2023,59,152,6,41,171,287,107.5,197.4,586
JP,2024,51,151,8,14,96,174,153.0,236.7,466
JP,2025,55,142,9,9,79,143,169,246.3,403
JP,2026,31,42,4,2,7,24,206,278.6,81
KE,2015,1,1,0,0,0,0,746,746,1
KE,2016,1,4,0,0,0,0,392.0,358.2,4
KE,2017,1,29,0,0,1,1,306,453.4,29
KE,2018,4,15,1,0,0,1,313.0,403.9,16
KE,2019,2,18,0,0,0,0,413,515.8,19
KE,2020,4,18,0,0,0,0,549.5,626.6,18
KE,2021,3,5,1,0,0,0,812,786.8,5
KE,2022,3,11,1,0,0,0,370,364.2,11
KE,2023,4,10,2,0,0,0,328.5,632.1,10
KE,2024,3,5,0,0,0,0,494,494.2,5
KE,2025,1,1,0,0,0,0,795,795,1
KE,2026,1,1,1,0,0,0,133,133,1
KG,2017,1,11,0,0,1,2,253,380.3,11
KG,2025,1,4,0,0,1,3,68.5,106.8,4
KG,2026,1,1,0,0,0,0,175,175,1
KH,2017,1,1,0,0,0,0,683,683,1
KH,2018,1,3,0,0,0,2,94,163.7,3
KH,2019,2,8,0,0,0,3,136.5,233.5,8
KH,2020,1,1,0,0,0,0,217,217,1
KH,2022,1,1,0,0,0,0,671,671,1
KH,2024,1,1,0,0,0,0,1105,1105,1
KP,2012,1,5,0,1,4,4,42,43.6,5
KP,2013,1,23,0,10,20,22,13,24.8,23
KP,2014,1,14,0,0,7,11,54.5,67.1,14
KP,2015,1,23,0,1,15,17,40,70.0,23
KP,2016,3,25,1,0,12,15,96.0,148.8,28
KP,2017,4,34,2,1,5,14,135.5,234.9,38
KP,2018,3,25,1,0,0,5,237.0,345.5,28
KP,2019,2,4,0,0,0,1,129.0,157,4
KP,2020,2,12,1,0,0,1,257.5,388.1,12
KP,2021,2,2,1,0,0,1,186.0,186,2
KP,2022,1,2,1,0,1,2,39.5,39.5,2
KP,2023,1,2,1,0,0,0,421.5,421.5,2
KP,2024,1,1,1,0,0,0,967,967,1
KP,2025,1,2,1,0,0,0,564.5,564.5,2
KR,2011,7,4,5,4,6,10,39.5,57,12
KR,2012,22,16,8,7,35,52,68,91.1,83
KR,2013,32,27,7,13,56,80,84.0,128.7,138
KR,2014,38,29,8,15,41,61,136,191.4,151
KR,2015,52,41,11,17,48,79,154.5,233.9,222
KR,2016,55,54,12,19,76,126,142,213.6,323
KR,2017,90,78,27,31,140,220,134.0,223.6,536
KR,2018,110,87,36,55,155,243,167.0,268.1,686
KR,2019,86,101,22,42,172,289,163.0,240.9,738
KR,2020,75,134,20,47,148,236,216,327.8,727
KR,2021,61,122,16,14,67,118,216,310.2,411
KR,2022,54,114,16,10,63,118,157,244.3,315
KR,2023,50,123,10,11,47,83,186.5,291.3,250
KR,2024,45,115,11,12,59,98,191,314.4,259
KR,2025,48,118,14,15,62,94,166,296.6,251
KR,2026,29,44,5,22,36,50,112,192.9,103
KZ,2014,1,16,0,1,1,2,244.0,280.3,16
KZ,2015,2,8,0,0,1,1,215,279,9
KZ,2016,3,21,0,0,1,3,183,294.5,23
KZ,2017,4,28,0,0,0,5,210,268.8,31
KZ,2018,4,9,1,0,0,0,305,481.2,9
KZ,2019,2,5,1,0,0,1,246.0,294.8,6
KZ,2020,3,13,1,0,0,1,503.5,487.1,14
KZ,2021,1,2,1,0,0,1,244.5,244.5,2
KZ,2022,4,24,1,0,0,1,321,475.3,27
KZ,2023,2,27,1,0,2,4,279,309.6,27
KZ,2024,3,21,1,0,1,1,307,330.5,23
KZ,2025,3,17,1,1,5,5,162,310.3,17
KZ,2026,3,10,1,0,1,1,277,349.5,11
LA,2018,1,1,0,0,0,0,195,195,1
LA,2019,1,5,1,0,0,0,308,345,5
LA,2020,2,9,1,0,0,1,437,436.1,9
LA,2022,1,6,1,0,0,1,122.5,268,6
LA,2023,1,11,1,0,0,1,376,552.7,11
LA,2024,2,21,1,0,0,2,525,581,21
LA,2025,1,10,0,0,0,0,461.0,434,10
LA,2026,1,4,0,0,0,0,588.0,617.2,4
LB,2019,1,1,1,0,0,0,195,195,1
LC,2014,1,1,1,0,0,0,684,684,1
LC,2015,1,1,1,0,0,0,687,687,1
LC,2016,1,3,1,0,0,0,621,686,3
LC,2017,1,1,1,0,0,0,1294,1294,1
LC,2018,1,3,1,0,0,0,762,778.7,3
LC,2019,2,6,2,0,0,0,462.5,670,6
LC,2020,2,9,2,0,0,0,613,675,9
LC,2022,1,1,1,0,0,0,470,470,1
LC,2023,1,1,1,0,0,0,352,352,1
LC,2024,3,9,3,0,0,0,347,341.4,9
LC,2025,1,9,1,0,0,0,429,376.7,9
LC,2026,2,2,2,0,0,1,123.0,123,2
LK,2015,1,1,0,0,0,0,425,425,1
LK,2016,3,6,3,0,0,0,448,402.4,7
LK,2017,5,2,3,0,0,0,206,178.8,5
LK,2018,2,4,1,0,1,1,256.0,465.8,4
LK,2019,3,6,2,0,0,0,280.5,323.2,6
LK,2020,3,5,1,0,0,0,309,495.4,5
LK,2021,1,1,1,0,0,0,652,652,1
LK,2022,2,3,1,0,0,0,197,252.7,3
LK,2023,2,6,2,0,0,4,82.5,148.8,6
LK,2024,2,2,2,0,0,0,1055.5,1055.5,2
LK,2025,2,2,2,0,0,0,543.0,543,2
LK,2026,1,1,1,0,0,1,97,97,1
LT,2013,1,1,0,0,0,0,422,422,1
LT,2016,1,1,0,0,0,1,62,62,1
LT,2017,2,2,0,0,0,0,1184.5,1184.5,2
LT,2018,2,3,0,0,0,0,127,275.3,3
LT,2019,2,7,0,0,0,0,296,342.4,7
LT,2020,2,21,0,0,6,9,128,253.0,21
LT,2021,2,44,0,0,14,21,114,149.9,45
LT,2022,3,7,0,0,3,3,274,303,7
LT,2023,2,3,0,0,0,0,311,380.7,3
LT,2024,3,11,0,0,1,3,346,439.7,11
LT,2025,1,2,0,0,0,1,530.0,530,2
LT,2026,3,5,0,0,0,1,410,538.7,7
LU,2012,2,4,0,0,2,3,61.5,81.2,4
LU,2013,2,2,0,0,0,0,232.5,232.5,2
LU,2014,1,1,0,0,0,0,118,118,1
LU,2015,3,7,1,0,1,3,105,161.9,7
LU,2016,2,2,0,0,0,1,122.0,122,2
LU,2017,2,4,1,0,3,4,24.0,40.8,4
LU,2018,3,3,2,0,0,1,112,146,3
LU,2019,3,7,2,1,2,3,204,164.9,7
LU,2020,2,3,1,1,2,3,14,30.7,3
LU,2021,2,2,1,0,1,2,46.0,46,2
LU,2022,2,4,1,2,3,3,15.0,189.8,4
LU,2023,2,2,1,0,1,1,168.5,168.5,2
LU,2024,1,2,1,1,2,2,9.5,9.5,2
LU,2025,1,1,1,0,0,1,90,90,1
LV,2018,1,1,0,0,0,0,433,433,1
LV,2019,1,5,0,0,0,0,427,458.4,5
LV,2020,1,1,0,0,0,0,257,257,1
MA,2013,2,6,0,1,1,3,102.5,136.3,6
MA,2014,7,18,0,1,7,13,148.5,228.6,34
MA,2015,15,29,2,2,12,30,119.5,189.9,62
MA,2016,16,43,4,8,25,41,189,257.9,113
MA,2017,21,60,6,9,39,62,191,262.6,165
MA,2018,24,63,9,3,30,54,228,327.0,165
MA,2019,10,34,1,0,5,9,358.0,411,52
MA,2020,7,12,2,0,0,0,331.5,388.4,12
MA,2021,3,20,0,0,2,4,317,476.6,21
MA,2022,5,10,0,0,0,2,151,654.2,11
MA,2023,8,15,1,0,0,0,362.0,621,18
MA,2024,8,14,0,0,0,1,321,488.6,17
MA,2025,7,36,1,2,4,6,286,383.8,39
MA,2026,3,5,0,0,0,2,115,136.6,5
MD,2017,2,3,0,0,0,0,663,533,3
MD,2018,1,6,0,0,0,0,531.5,698.5,6
MD,2019,1,3,0,0,1,1,179,141.3,3
MD,2020,1,10,0,0,0,1,285.0,420.1,10
MD,2021,2,6,0,0,0,0,413.0,449.5,6
MD,2022,1,5,0,0,0,0,511,796.2,5
MD,2023,1,2,0,0,0,1,218.0,218,2
MD,2024,1,1,0,0,0,0,350,350,1
MF,2017,1,2,0,0,0,0,390.5,390.5,2
MF,2024,1,1,0,0,0,0,320,320,1
MF,2025,1,1,0,0,0,0,611,611,1
MF,2026,1,1,0,0,0,0,296,296,1
MG,2016,1,2,0,0,0,0,375.0,375,2
MG,2017,1,2,0,0,0,1,276.5,276.5,2
MG,2020,1,1,0,0,0,0,500,500,1
MG,2021,1,1,0,0,0,0,782,782,1
MG,2022,1,1,0,0,0,0,461,461,1
MG,2023,1,1,0,0,0,0,273,273,1
MG,2024,1,2,0,0,0,0,429.0,429,2
MG,2025,1,2,0,0,0,0,487.0,487,2
MM,2013,1,1,0,0,0,0,163,163,1
MM,2016,2,2,1,0,0,0,616.0,616,2
MM,2017,2,2,1,0,1,1,652.5,652.5,2
MM,2018,4,17,1,0,0,1,281,466.3,21
MM,2019,2,11,0,0,1,1,371,375.6,11
MM,2020,3,14,1,0,0,0,351.5,403.3,14
MM,2022,2,6,0,0,0,0,648.0,1009.5,6
MM,2023,1,3,0,0,1,1,160,295.7,3
MM,2024,2,7,0,0,1,1,304,380.7,7
MM,2025,2,4,1,0,1,1,454.5,418,4
MM,2026,1,1,1,0,0,0,178,178,1
MN,2012,2,3,0,0,1,1,151.5,215.8,4
MN,2013,3,17,0,1,6,8,127,138.2,21
MN,2014,12,25,1,0,1,9,224.5,278.1,80
MN,2015,13,38,2,5,17,39,146.0,196.3,118
MN,2016,17,42,1,0,2,7,278.0,347.6,100
MN,2017,26,50,4,1,9,18,281,350.5,173
MN,2018,29,56,4,1,3,19,330,435.9,153
MN,2019,21,73,2,0,14,29,291.5,359.8,200
MN,2020,21,82,2,1,3,23,364,455.7,159
MN,2021,19,45,3,1,1,2,297.5,473.6,52
MN,2022,18,56,3,1,6,11,394,495.9,71
MN,2023,15,56,1,0,12,18,254.5,331.8,68
MN,2024,12,53,0,0,5,6,430,472.9,59
MN,2025,16,56,2,0,2,5,416.0,486.9,68
MN,2026,7,20,0,0,0,1,365,436.9,25
MP,2011,1,1,0,0,1,1,27,27,1
MP,2015,1,1,0,0,0,0,284,284,1
MP,2021,1,1,0,0,0,0,2106,2106,1
MP,2023,1,1,0,0,0,0,842,842,1
MP,2024,1,2,0,0,0,0,1037.5,1037.5,2
MR,2018,1,1,0,0,0,0,344,344,1
MR,2020,1,6,0,0,1,1,382.5,400.5,6
MR,2021,1,3,0,0,0,0,152,156,3
MR,2022,1,2,0,0,0,0,456.0,456,2
MR,2023,1,1,0,0,1,1,45,45,1
MV,2019,1,2,1,0,0,0,434.0,434,2
MX,2013,1,1,1,0,0,0,331,331,1
MX,2014,2,2,0,0,0,0,572,533,3
MX,2015,3,5,1,0,1,1,248,313,5
MX,2016,6,16,0,0,1,1,346.5,384.2,18
MX,2017,10,18,2,0,1,4,376.5,442.2,24
MX,2018,15,40,5,0,6,10,250,311.7,67
MX,2019,10,43,4,0,2,16,218,303.4,63
MX,2020,7,40,3,0,5,12,186,332.3,45
MX,2021,5,25,2,0,10,17,74.5,221.0,28
MX,2022,5,35,1,0,11,22,72,219.2,35
MX,2023,6,40,3,0,7,18,156.5,231.5,44
MX,2024,7,31,1,0,4,8,295,478.5,33
MX,2025,6,28,2,0,3,6,252.5,445.6,28
MX,2026,3,4,2,0,1,1,304,363,5
MY,2011,1,1,1,0,1,1,49,49,1
MY,2012,2,4,2,0,0,1,161.5,149.8,4
MY,2013,2,3,2,0,1,1,144,109,3
MY,2014,4,4,1,0,0,0,250.0,332.2,4
MY,2015,5,6,1,0,0,0,264.5,334.8,6
MY,2016,7,19,5,0,0,1,336.0,400.4,34
MY,2017,5,10,3,0,0,2,580,582.4,11
MY,2018,7,13,4,0,0,0,393.5,530,16
MY,2019,8,21,6,0,3,6,238,262.1,27
MY,2020,7,39,2,0,3,8,218,358.0,45
MY,2021,6,27,3,0,2,9,225,378.5,29
MY,2022,7,28,3,0,2,7,245.5,434.0,28
MY,2023,7,8,3,0,0,0,524.0,550,8
MY,2024,8,21,4,0,2,6,331.5,408.9,24
MY,2025,12,25,6,0,0,1,406,439.9,27
MY,2026,7,12,3,1,2,4,143.5,242.5,12
NA,2015,1,2,0,0,0,1,245.5,245.5,2
NA,2016,1,7,0,0,0,0,503,647.7,7
NA,2017,1,2,0,0,0,0,508.5,508.5,2
NF,2012,1,1,1,0,0,0,225,225,1
NF,2013,1,2,1,0,0,0,125.0,125,2
NF,2014,1,3,1,0,0,0,209,200.7,3
NF,2015,3,6,3,0,0,2,242.0,384.2,6
NF,2016,2,3,2,0,0,0,275,334.7,3
NF,2017,1,2,1,0,0,0,270.5,270.5,2
NF,2018,1,1,1,0,0,0,953,953,1
NF,2019,2,3,2,0,0,0,414,582.7,3
NF,2020,2,8,2,0,0,0,713.5,784.9,8
NF,2021,2,3,2,0,0,0,228,617.7,3
NF,2022,3,5,3,0,0,0,171,226.6,5
NF,2023,2,5,2,0,0,1,350,341.4,5
NF,2024,3,12,3,0,2,2,260.5,322.1,12
NF,2025,3,6,3,0,0,0,271.5,458.5,6
NF,2026,2,2,2,0,0,0,312.5,312.5,2
NG,2016,1,12,0,0,1,2,189.5,267.2,12
NG,2017,1,10,0,0,0,1,237.0,255.3,10
NG,2018,3,6,2,1,1,1,292.0,364.5,8
NG,2019,1,13,0,0,0,0,277,444.1,13
NG,2020,1,4,0,0,0,0,378.0,387,4
NG,2021,1,6,0,0,0,1,144.5,149,6
NG,2025,1,2,1,0,1,1,228.5,228.5,2
NL,2011,2,7,1,4,8,8,11.5,15.5,8
NL,2012,5,19,1,17,30,37,20,34.6,39
NL,2013,10,27,1,14,32,46,59,107.7,69
NL,2014,13,29,1,10,28,46,101,121.3,93
NL,2015,21,41,4,5,43,65,108.5,161.9,144
NL,2016,28,43,5,3,28,55,149,233.9,157
NL,2017,23,46,6,1,22,39,147,255.8,107
NL,2018,33,55,7,9,30,57,125,216.9,131
NL,2019,21,57,5,6,27,47,120,186.0,107
NL,2020,16,46,5,3,12,23,164,278.8,63
NL,2021,13,50,4,0,12,25,118.0,311.1,60
NL,2022,15,33,3,2,14,23,83,393.4,39
NL,2023,12,25,3,3,7,16,84,214.7,31
NL,2024,14,31,2,2,14,17,77,174,33
NL,2025,12,22,0,0,4,6,330.0,322.0,26
NL,2026,5,6,2,0,0,2,275.0,362,6
NO,2013,3,4,0,0,1,1,181,172.2,5
NO,2014,3,8,1,0,2,4,128.0,161.4,8
NO,2015,6,18,3,3,6,6,143,174.7,23
NO,2016,11,36,3,4,11,27,138.0,195.3,64
NO,2017,17,45,5,6,21,35,161.0,235.1,116
NO,2018,13,37,3,0,12,18,167.5,253.3,50
NO,2019,7,25,2,0,5,13,102.5,245.6,28
NO,2020,9,17,3,1,5,7,189,305.3,19
NO,2021,8,30,2,1,9,18,153,346.3,39
NO,2022,6,19,2,1,7,11,109.5,249.2,22
NO,2023,5,14,1,1,3,6,200.5,227.1,16
NO,2024,3,12,1,0,4,6,140,205.1,13
NO,2025,5,19,2,1,5,8,178,224,19
NO,2026,2,8,1,0,1,1,274,285.9,9
NP,2016,1,2,0,0,0,0,1030.0,1030,2
NP,2017,1,2,0,0,0,0,592.5,592.5,2
NP,2018,1,14,0,0,0,1,292.5,328.9,14
NP,2019,1,1,0,1,1,1,6,6,1
NP,2020,1,1,0,0,0,0,657,657,1
NP,2022,1,2,0,0,1,1,244.5,244.5,2
NP,2023,2,3,0,0,0,1,250,373.7,3
NP,2024,1,6,0,0,0,0,475.5,674.8,6
NP,2025,2,4,0,0,0,1,282.0,538,4
NP,2026,2,4,0,0,0,1,135.0,168.8,4
NZ,2018,2,9,0,0,0,2,327,412.1,11
NZ,2019,1,6,0,0,0,0,317.5,304.3,6
NZ,2020,1,2,0,0,0,0,697.5,697.5,2
NZ,2024,1,1,0,0,0,0,825,825,1
OM,2015,1,1,0,0,0,0,149,149,1
OM,2017,1,3,0,1,2,2,36,145.7,3
OM,2018,2,3,0,0,0,0,114,144.3,3
OM,2019,1,1,0,0,0,0,225,225,1
OM,2020,2,5,0,0,1,1,285,264,5
OM,2021,1,2,0,0,0,0,175.0,175,2
PG,2018,1,1,1,0,1,1,40,40,1
PH,2016,3,15,0,0,2,3,151.0,180.6,18
PH,2017,4,50,0,0,3,13,167,235.4,65
PH,2018,5,66,2,2,20,39,103,151.7,79
PH,2019,2,49,1,1,12,18,187.0,259.5,58
PH,2020,2,34,1,2,8,15,144.5,245.2,34
PH,2021,2,5,1,0,1,2,102,170.4,5
PH,2022,1,1,1,0,0,1,97,97,1
PH,2023,1,32,0,0,4,12,131.5,154.1,32
PH,2024,2,16,0,0,4,6,127.5,283.9,16
PH,2025,3,4,1,0,0,1,432.0,499.8,4
PH,2026,2,3,0,0,1,1,244,200.7,3
PK,2014,1,1,0,0,0,1,60,60,1
PK,2016,2,2,0,0,0,0,613.5,613.5,2
PK,2017,1,1,0,0,0,0,399,399,1
PK,2018,3,3,1,0,0,1,206,412.7,3
PK,2019,2,14,0,0,0,0,343.0,331.8,14
PK,2020,3,16,1,0,1,3,536.5,543.2,16
PK,2021,1,4,0,0,0,0,680.0,788,4
PK,2022,1,3,0,0,0,0,277,361,3
PK,2023,1,5,0,0,1,2,214,528.2,5
PK,2024,1,4,0,0,0,1,307.5,287.5,4
PK,2025,2,8,0,0,1,2,353,376.6,9
PK,2026,2,4,0,0,1,1,373.0,401.8,4
PL,2011,1,1,0,0,0,1,79,79,1
PL,2012,4,5,0,0,1,2,120,132.6,5
PL,2013,8,25,0,15,25,31,26,68.2,43
PL,2014,19,33,0,30,58,81,73.0,139.2,136
PL,2015,26,47,4,29,100,149,82,138.8,257
PL,2016,39,61,9,69,203,271,51,132.9,409
PL,2017,57,82,7,70,178,241,113.5,189.2,516
PL,2018,61,92,14,79,169,263,105.0,203.0,540
PL,2019,50,99,7,63,131,177,120.0,200.3,386
PL,2020,43,131,6,44,116,165,138.0,248.4,394
PL,2021,40,137,7,21,90,138,135.5,275.9,356
PL,2022,32,131,4,20,62,100,147,245.0,267
PL,2023,29,131,2,24,65,104,132,250.6,257
PL,2024,32,113,4,13,40,75,185,298.5,217
PL,2025,21,98,1,19,47,52,202.5,321.6,152
PL,2026,17,42,3,1,9,18,177.0,235.3,58
PN,2014,1,2,0,0,0,0,427.0,427,2
PN,2015,1,4,0,0,0,1,435.5,436,4
PN,2016,1,1,0,0,0,0,805,805,1
PN,2021,1,3,0,0,0,0,445,405.3,3
PN,2022,1,2,0,0,0,0,2283.0,2283,2
PN,2023,1,1,0,0,0,0,525,525,1
PR,2016,1,2,1,0,0,0,244.0,244,2
PR,2017,1,14,1,0,1,3,237.5,314.2,14
PR,2018,1,1,1,0,0,0,537,537,1
PR,2019,2,7,2,0,1,1,495,539.1,7
PR,2022,1,1,1,0,0,0,2022,2022,1
PS,2015,1,3,0,0,0,0,350,296,3
PS,2016,1,22,0,0,0,2,313.5,382.4,22
PS,2017,1,6,0,0,0,0,488.5,465.2,6
PS,2021,1,3,0,0,0,1,461,423.3,3
PS,2023,1,1,0,0,0,0,823,823,1
PS,2024,1,1,0,0,0,0,482,482,1
PS,2025,1,1,0,0,0,0,205,205,1
PT,2013,1,1,0,0,0,0,112,112,1
PT,2014,2,7,1,0,1,4,97,111.6,7
PT,2015,6,25,5,0,4,18,113,181.1,41
PT,2016,10,40,6,0,18,36,107,162.7,77
PT,2017,9,73,5,7,58,94,69.5,112.2,150
PT,2018,11,63,6,8,40,59,84,184.9,111
PT,2019,6,66,5,6,38,66,80,184.0,121
PT,2020,6,71,4,9,46,69,65,188.5,111
PT,2021,6,60,3,2,37,51,58,165.1,81
PT,2022,5,48,4,4,17,40,81,211.7,63
PT,2023,9,47,5,3,19,33,82,170.3,61
PT,2024,6,51,3,4,28,40,59.5,105.8,60
PT,2025,6,55,4,5,31,46,56,96.4,67
PT,2026,4,15,2,0,3,7,135.0,153.6,18
QA,2016,1,2,0,0,0,0,218.5,218.5,2
QA,2017,1,5,0,0,0,0,235,279.8,5
QA,2019,1,1,0,0,0,0,220,220,1
QA,2020,1,2,0,0,0,0,379.0,379,2
RO,2012,2,3,0,1,3,3,11,17,3
RO,2013,5,19,1,2,14,16,39.5,136.5,24
RO,2014,4,15,0,2,11,11,35,169.1,19
RO,2015,3,10,0,0,2,6,98.5,204.8,12
RO,2016,10,19,2,0,5,9,200,284.3,29
RO,2017,12,35,3,1,14,22,149,235.4,53
RO,2018,22,57,7,11,37,58,106,185.3,121
RO,2019,12,84,2,6,37,63,135,208.3,149
RO,2020,11,44,2,1,8,14,210.5,317.6,56
RO,2021,7,11,1,1,1,3,341,550.2,13
RO,2022,5,11,1,1,4,5,144,172.9,11
RO,2023,7,14,1,5,5,6,188.5,234.4,14
RO,2024,8,18,1,1,2,4,284.0,347.8,18
RO,2025,8,31,1,0,1,4,190.5,334.1,32
RO,2026,1,1,1,0,0,0,111,111,1
RS,2018,2,3,1,0,0,0,275.0,358.5,4
RS,2019,1,1,1,0,0,0,449,449,1
RS,2020,1,12,0,0,2,3,272.5,272.4,12
RS,2021,1,3,0,0,0,1,112,114.3,3
RS,2022,1,2,0,0,0,1,282.0,282,2
RU,2011,27,12,7,29,69,88,23.0,40.4,96
RU,2012,43,26,10,72,157,202,31,54.3,245
RU,2013,65,39,15,86,250,366,49,78.5,485
RU,2014,88,39,25,74,222,361,87,141.6,657
RU,2015,91,54,32,66,189,290,93,160.0,549
RU,2016,134,69,54,92,244,368,128,192.5,849
RU,2017,153,88,62,112,319,472,124,224.8,1085
RU,2018,178,97,80,133,368,530,116.0,213.2,1126
RU,2019,149,118,66,171,394,540,107,204.2,1115
RU,2020,118,145,48,96,266,337,157.5,285.1,798
RU,2021,83,146,30,63,174,251,117,248.4,535
RU,2022,80,137,25,39,123,167,123,290.9,373
RU,2023,72,142,24,54,138,192,115,215.6,403
RU,2024,73,144,25,42,119,169,154,267.2,441
RU,2025,64,136,23,14,59,99,186,279.8,305
RU,2026,39,42,14,3,17,24,214.5,268.2,82
SA,2013,1,1,0,0,0,0,523,523,1
SA,2014,3,6,0,0,1,1,246.0,296.2,6
SA,2015,4,6,0,0,0,0,394,489.3,7
SA,2016,8,13,1,1,3,3,323.0,359.1,18
SA,2017,6,18,1,0,1,3,270.0,388.1,20
SA,2018,7,16,1,1,2,5,256,325.2,17
SA,2019,6,22,0,0,2,3,315.0,430.9,28
SA,2020,4,27,0,0,1,3,335.5,457.8,32
SA,2021,5,16,0,0,1,2,448,538.9,17
SA,2022,7,32,0,0,1,4,345,517.8,39
SA,2023,7,30,0,0,1,6,337,374.5,31
SA,2024,5,37,0,1,4,10,369.0,501.2,44
SA,2025,8,36,1,0,2,6,405.5,431.0,40
SA,2026,4,39,0,1,16,24,77.5,115.7,42
SD,2016,1,4,0,0,0,0,499.0,715.2,4
SD,2019,1,1,0,0,0,0,133,133,1
SD,2020,1,3,0,0,0,0,851,813,3
SD,2024,1,1,0,0,0,0,519,519,1
SD,2026,1,1,0,0,0,0,306,306,1
SE,2011,2,7,0,2,5,7,30.0,42.2,8
SE,2012,2,11,0,2,5,9,63.0,71.1,12
SE,2013,2,18,0,7,17,18,20,25.4,19
SE,2014,4,18,0,4,12,17,55,99.5,25
SE,2015,7,36,1,9,27,32,49,108.5,51
SE,2016,10,39,0,8,21,40,101.0,159.5,80
SE,2017,18,59,7,12,30,61,148,238.9,159
SE,2018,20,54,8,11,49,65,95,175.5,129
SE,2019,16,80,6,22,72,99,67.0,128.2,162
SE,2020,15,98,7,20,54,75,75,199,133
SE,2021,11,53,5,16,42,51,41.5,131.9,74
SE,2022,10,24,5,1,11,14,104.5,214.1,28
SE,2023,9,14,3,1,7,9,68,178.5,15
SE,2024,5,12,1,0,3,5,168,407.3,13
SE,2025,9,9,3,0,3,6,124,227.8,13
SE,2026,5,10,2,2,2,4,190,360.7,11
SG,2012,3,9,0,1,4,7,94,88.9,11
SG,2013,4,12,0,0,1,5,147,199.7,21
SG,2014,3,13,0,0,3,6,104.0,127.9,14
SG,2015,6,20,1,0,4,17,142.5,172.6,38
SG,2016,9,36,5,3,19,33,108.5,202.4,72
SG,2017,17,45,7,1,9,24,187,270.5,85
SG,2018,24,62,7,9,37,54,166,264.9,161
SG,2019,19,56,3,4,17,27,142,253.9,77
SG,2020,19,65,4,1,20,30,185,286.5,85
SG,2021,21,59,2,5,18,30,209.0,339.5,86
SG,2022,16,85,4,5,23,34,274.0,347.9,118
SG,2023,13,90,4,3,25,42,151.5,244.6,128
SG,2024,13,43,5,5,13,21,150.0,272.7,50
SG,2025,8,41,2,5,17,21,146,228.5,43
SG,2026,6,10,2,2,2,5,121,191.5,11
SK,2011,1,1,0,0,0,1,52,52,1
SK,2013,1,1,0,0,0,0,382,382,1
SK,2014,2,2,0,1,1,1,79.5,79.5,2
SK,2015,2,15,0,4,14,15,15,17.7,15
SK,2016,1,15,0,0,4,7,101,193.9,15
SK,2017,2,8,0,1,3,6,59.5,80.1,8
SK,2018,1,5,0,1,1,3,89,213.4,5
SK,2019,2,31,0,4,19,23,44,77.4,35
SK,2021,2,4,0,0,3,4,37.0,34.5,4
SK,2023,2,2,1,0,0,0,538.0,538,2
SK,2024,2,3,1,0,0,0,557,666.3,3
SK,2025,1,2,1,0,0,0,395.0,395,2
SY,2017,1,4,0,0,0,0,276.0,317.8,4
SY,2018,1,2,0,0,0,0,778.5,778.5,2
SY,2019,1,8,0,0,0,1,449.0,446.9,8
SY,2020,1,13,0,0,0,0,736,610.1,13
SY,2021,1,3,0,0,0,0,280,379,3
SY,2022,2,9,1,0,1,2,303,295.6,9
TG,2011,1,1,0,0,0,1,94,94,1
TG,2021,1,1,0,0,0,0,326,326,1
TG,2022,1,1,0,0,0,0,436,436,1
TG,2023,1,3,0,0,1,2,74,78.7,3
TG,2024,1,3,0,0,0,0,166,155.3,3
TG,2025,1,1,0,0,0,0,205,205,1
TG,2026,1,1,0,0,0,0,673,673,1
TH,2011,1,1,0,0,0,1,98,98,1
TH,2012,1,6,0,0,3,4,57.5,91,6
TH,2013,2,4,0,0,2,3,57.5,86,4
TH,2014,4,10,1,0,1,2,190,311.1,15
TH,2015,6,22,0,0,1,7,201,317.9,33
TH,2016,10,32,0,0,6,10,301.5,343.9,60
TH,2017,16,54,2,0,8,21,204,307.9,129
TH,2018,16,52,3,1,2,11,312,363.2,83
TH,2019,17,63,4,0,4,15,313,391.6,99
TH,2020,9,75,1,0,0,3,332.0,507.6,102
TH,2021,12,38,2,0,1,5,384.0,502.3,50
TH,2022,12,36,1,1,2,3,344.0,554.2,40
TH,2023,6,13,2,0,1,2,342.0,387.1,14
TH,2024,7,17,2,0,1,2,378,524.8,19
TH,2025,4,13,1,0,0,2,335,445.4,13
TH,2026,2,2,0,0,0,0,660,766.3,3
TJ,2013,1,1,0,0,0,0,1181,1181,1
TJ,2014,1,1,0,0,0,0,844,844,1
TJ,2015,1,2,0,0,0,0,439.0,439,2
TJ,2016,1,2,0,0,0,0,476.0,476,2
TJ,2017,1,4,0,0,1,1,296.0,324.8,4
TJ,2018,1,6,0,0,0,0,389.5,395.2,6
TJ,2019,1,2,0,0,0,0,460.0,460,2
TJ,2020,1,2,0,0,0,0,1186.5,1186.5,2
TJ,2021,1,2,0,0,0,0,684.5,684.5,2
TJ,2022,1,7,0,0,0,0,482,578.1,7
TJ,2023,1,15,0,0,0,0,446,482.2,15
TJ,2024,1,9,0,0,0,0,356,469.6,9
TJ,2025,1,7,0,0,1,1,444,466.3,7
TJ,2026,1,5,0,0,0,0,408,398.2,5
TM,2020,1,1,1,0,0,0,570,570,1
TM,2021,1,3,1,0,0,0,365,350,3
TM,2022,1,1,1,0,0,0,934,934,1
TM,2023,1,7,1,0,3,3,152,228.3,7
TM,2024,1,1,1,0,0,0,384,384,1
TM,2025,1,1,1,0,0,0,631,631,1
TM,2026,1,1,1,0,0,0,311,311,1
TN,2011,1,4,0,0,3,4,29.5,38,4
TN,2012,2,16,0,6,12,17,31,54.5,21
TN,2013,4,22,1,3,9,20,83.0,154.9,32
TN,2014,9,21,2,0,4,16,130,157.0,49
TN,2015,14,21,3,5,14,23,88,185.2,41
TN,2016,15,27,2,4,12,22,144,245.1,55
TN,2017,23,49,5,13,35,47,121,268.1,99
TN,2018,26,60,8,23,48,66,140.5,242.6,154
TN,2019,18,67,8,14,30,49,173.0,251.3,130
TN,2020,13,68,2,8,20,28,253,346.4,107
TN,2021,10,29,0,0,4,10,196.5,464.1,38
TN,2022,8,38,1,0,1,5,338.5,504.6,46
TN,2023,9,53,1,0,6,14,246.5,387.9,66
TN,2024,11,34,2,1,6,10,331,447.5,37
TN,2025,7,33,1,0,0,1,384.0,479.2,36
TN,2026,5,16,0,0,3,3,395.5,401.1,20
TR,2014,5,12,2,3,4,7,129,162.5,17
TR,2015,9,19,3,0,1,6,174.0,230.7,30
TR,2016,11,41,2,1,8,12,177.0,243.1,76
TR,2017,23,60,9,3,16,39,245.5,312.3,168
TR,2018,19,59,7,1,19,45,185.0,262.3,132
TR,2019,22,57,7,4,26,40,141,264.5,95
TR,2020,18,50,4,0,9,15,344.0,409.1,68
TR,2021,12,39,3,4,11,17,185.0,513.1,50
TR,2022,16,58,6,2,12,23,173.0,337.9,76
TR,2023,11,51,4,5,13,25,215.5,306.6,68
TR,2024,13,52,3,1,7,15,212.0,338.5,64
TR,2025,13,31,5,1,1,5,380,488.4,35
TR,2026,7,11,4,0,0,1,476.0,530.2,12
TW,2011,1,1,0,1,1,1,1,1,1
TW,2012,1,6,0,0,3,4,64.0,95.7,6
TW,2013,5,20,1,2,13,21,65.0,93.6,30
TW,2014,20,28,6,9,32,52,90.0,161.1,98
TW,2015,32,46,11,29,68,110,86,129.9,199
TW,2016,37,60,12,39,89,137,131,191.3,317
TW,2017,39,65,14,41,82,106,158,233.5,285
TW,2018,50,77,21,36,93,140,128.0,224.5,320
TW,2019,30,82,9,46,83,99,113.5,197.2,222
TW,2020,23,88,6,20,63,87,100.5,261.1,174
TW,2021,25,80,6,17,42,57,149,280.6,135
TW,2022,22,101,7,13,46,70,141,235.0,167
TW,2023,19,111,3,9,52,79,104.5,208.3,164
TW,2024,16,73,3,2,22,34,264,350.1,119
TW,2025,17,54,4,0,3,10,333.0,436.6,64
TW,2026,5,9,0,0,3,3,436.5,387.5,12
TZ,2017,1,2,0,0,0,0,281.5,281.5,2
TZ,2021,1,1,0,0,0,0,262,262,1
TZ,2024,1,6,0,0,1,3,122.0,267.2,6
TZ,2025,1,13,0,0,0,1,321,370.3,13
TZ,2026,1,1,0,0,0,0,851,851,1
UA,2011,1,4,0,0,4,4,23.5,25.2,4
UA,2012,3,14,1,3,15,17,17.5,27.9,18
UA,2013,2,31,1,15,28,31,12.5,34.7,34
UA,2014,7,33,4,18,31,36,32,104.3,59
UA,2015,8,53,3,29,59,65,22,104.2,99
UA,2016,8,63,3,45,69,79,21,109.5,113
UA,2017,14,78,4,38,85,110,36.5,112.5,158
UA,2018,11,87,3,45,76,97,26,85.5,129
UA,2019,13,91,3,30,65,86,38.0,118.9,122
UA,2020,14,122,3,12,64,99,90,171.2,185
UA,2021,11,63,2,3,12,28,180.0,332.8,80
UA,2022,8,80,1,2,14,32,179.5,343.3,100
UA,2023,9,67,2,4,20,38,104,190.3,81
UA,2024,7,57,2,6,20,35,99,148.5,67
UA,2025,7,50,2,3,10,23,131,189.9,53
UA,2026,5,16,1,0,1,5,243.5,281.5,18
UG,2011,1,1,0,0,1,1,21,21,1
UG,2019,1,1,0,0,0,0,162,162,1
UG,2020,1,1,0,0,0,0,192,192,1
UG,2021,1,15,0,0,0,3,230,231.3,15
UG,2022,1,7,0,0,1,2,315,278.6,7
UG,2024,1,7,0,1,1,2,239,283,7
UG,2025,1,7,0,0,0,1,274,399.4,7
UG,2026,1,3,0,0,0,0,600,590.3,3
US,2011,29,14,13,26,68,85,31.0,36.7,90
US,2012,43,23,17,42,128,176,43,69.4,225
US,2013,80,34,23,38,155,265,69.5,116.6,408
US,2014,123,38,41,52,161,277,115,175.4,593
US,2015,164,54,57,88,217,364,132,197.0,861
US,2016,236,69,105,97,277,460,156,236.9,1235
US,2017,295,89,144,88,283,531,167,252.8,1553
US,2018,273,95,124,105,346,566,162.5,260.4,1552
US,2019,243,109,101,100,327,505,165.0,265.9,1396
US,2020,204,153,76,135,383,572,173.0,284.5,1538
US,2021,169,153,73,84,252,393,151.0,287.5,978
US,2022,156,151,68,59,211,333,146.0,300.8,840
US,2023,144,163,65,36,182,304,163.0,276.2,832
US,2024,121,159,53,26,155,262,187,292.5,793
US,2025,138,174,61,38,174,316,175.5,302.6,946
US,2026,80,66,40,20,57,82,220,281.2,291
UY,2016,1,6,0,0,0,0,272.5,290.2,6
UY,2017,1,5,0,0,0,0,252,304.2,5
UY,2018,1,6,0,0,0,1,250.5,305.3,6
UZ,2017,1,2,1,0,0,0,289.5,289.5,2
UZ,2018,1,1,1,0,0,0,609,609,1
VA,2018,1,1,0,0,0,0,299,299,1
VA,2020,1,5,0,0,0,0,265,360,5
VA,2021,1,1,0,0,0,0,471,471,1
VN,2011,2,4,0,2,4,4,15,35.2,5
VN,2012,6,14,1,5,15,20,28.5,47.7,24
VN,2013,12,26,1,6,37,59,68,114.6,91
VN,2014,24,27,9,2,35,57,144.5,214.5,164
VN,2015,35,38,15,10,75,121,115,171.8,263
VN,2016,45,52,16,22,73,131,139.5,228.4,330
VN,2017,58,70,22,26,93,165,171,273.2,461
VN,2018,73,76,35,20,69,133,193,301.4,445
VN,2019,51,94,21,15,69,121,204.5,282.4,418
VN,2020,47,117,14,14,58,99,194,334.1,317
VN,2021,33,134,8,22,96,141,108.5,238.2,290
VN,2022,34,78,10,8,29,50,210,340.9,135
VN,2023,30,122,3,14,42,73,212,313.8,219
VN,2024,33,94,9,5,28,47,269,354.5,159
VN,2025,29,70,10,1,4,11,376,434.1,89
VN,2026,18,23,6,0,1,3,392.5,500.2,34
WF,2014,1,7,0,0,0,3,119,114,7
WF,2015,1,1,0,0,0,0,118,118,1
WF,2016,1,1,0,0,0,0,252,252,1
WF,2025,1,1,0,0,0,0,434,434,1
ZA,2016,1,6,1,0,0,1,544.5,494.8,6
ZA,2017,2,2,1,0,0,0,541.5,541.5,2
ZA,2018,3,7,1,0,1,2,469,429.3,7
ZA,2019,1,1,0,0,0,0,736,736,1
ZA,2020,1,1,0,0,0,0,269,269,1
ZA,2021,1,1,1,0,0,0,102,102,1
ZA,2025,1,1,0,0,0,1,65,65,1
