iso2,source,vintage_year,perf_appearances,median_event_percentile,mean_event_percentile,top10_pct_share,top25_pct_share,top50_pct_share,top10_pct_count,top25_pct_count,top50_pct_count
DE,GCI,2020,1582,0.7355,0.6628,0.2535,0.4855,0.7307,401,768,1156
IT,GCI,2020,651,0.8094,0.7026,0.3226,0.5837,0.7634,210,380,497
AT,GCI,2020,382,0.8359,0.7522,0.3377,0.6283,0.8665,129,240,331
NL,GCI,2020,230,0.7042,0.6401,0.1652,0.4609,0.7217,38,106,166
RU,GCI,2020,2444,0.6663,0.6084,0.23,0.412,0.6424,562,1007,1570
PT,GCI,2020,313,0.8289,0.7199,0.3642,0.6262,0.7859,114,196,246
US,GCI,2020,3908,0.7137,0.6329,0.2526,0.4639,0.6702,987,1813,2619
JP,GCI,2020,2990,0.7356,0.6457,0.2401,0.4816,0.6993,718,1440,2091
IN,GCI,2020,2741,0.6225,0.5785,0.1908,0.3725,0.6045,523,1021,1657
CN,GCI,2020,2119,0.7815,0.6735,0.3086,0.5385,0.7258,654,1141,1538
GR,GCI,2020,82,0.7753,0.6886,0.4146,0.5122,0.7195,34,42,59
VN,GCI,2020,1023,0.642,0.5935,0.1828,0.3978,0.6393,187,407,654
BR,GCI,2020,527,0.7152,0.6421,0.2429,0.4592,0.7002,128,242,369
TN,GCI,2020,275,0.6475,0.5806,0.1745,0.3709,0.5964,48,102,164
FR,GCI,2020,1106,0.6873,0.6234,0.1781,0.415,0.6817,197,459,754
CZ,GCI,2020,168,0.7796,0.6983,0.3333,0.5357,0.756,56,90,127
KR,GCI,2020,1872,0.63,0.5823,0.2003,0.3841,0.6058,375,719,1134
UA,GCI,2020,385,0.7976,0.7,0.3325,0.5532,0.7688,128,213,296
ES,GCI,2020,421,0.7352,0.6597,0.2827,0.4941,0.7078,119,208,298
PL,GCI,2020,1134,0.7106,0.646,0.2698,0.4577,0.6931,306,519,786
ID,GCI,2020,997,0.5794,0.5578,0.1444,0.333,0.5817,144,332,580
RO,GCI,2020,217,0.6501,0.6045,0.212,0.4194,0.6498,46,91,141
SE,GCI,2020,369,0.861,0.7437,0.4309,0.6125,0.813,159,226,300
MY,GCI,2020,101,0.6716,0.6016,0.1584,0.396,0.6931,16,40,70
GB,GCI,2020,701,0.657,0.5942,0.1698,0.3937,0.6348,119,276,445
LT,GCI,2020,73,0.7586,0.6819,0.2466,0.5068,0.7671,18,37,56
TW,GCI,2020,531,0.7445,0.6628,0.3164,0.4991,0.6911,168,265,367
AU,GCI,2020,321,0.751,0.649,0.215,0.5016,0.7165,69,161,230
HR,GCI,2020,317,0.6336,0.5893,0.0252,0.2681,0.6972,8,85,221
LK,GCI,2020,12,0.4845,0.4832,0.0,0.1667,0.4167,0,2,5
CA,GCI,2020,345,0.6604,0.6056,0.1304,0.4145,0.6696,45,143,231
SG,GCI,2020,247,0.6919,0.6255,0.2186,0.4372,0.6761,54,108,167
PK,GCI,2020,34,0.4332,0.4016,0.0,0.0588,0.4118,0,2,14
OM,GCI,2020,8,0.4303,0.494,0.125,0.125,0.375,1,1,3
EE,GCI,2020,48,0.5827,0.5654,0.1875,0.3333,0.6042,9,16,29
TH,GCI,2020,248,0.3028,0.3523,0.0202,0.0726,0.3226,5,18,80
IR,GCI,2020,349,0.481,0.4774,0.0917,0.2063,0.4785,32,72,167
EG,GCI,2020,144,0.6241,0.5796,0.1944,0.4028,0.625,28,58,90
MN,GCI,2020,410,0.3918,0.4188,0.0488,0.1561,0.3854,20,64,158
AR,GCI,2020,67,0.7126,0.6611,0.3284,0.4776,0.6866,22,32,46
TR,GCI,2020,212,0.6299,0.5815,0.2264,0.3726,0.5896,48,79,125
BY,GCI,2020,115,0.4409,0.4648,0.0522,0.2087,0.4348,6,24,50
IL,GCI,2020,313,0.655,0.5776,0.1981,0.3962,0.607,62,124,190
SA,GCI,2020,77,0.4185,0.4312,0.0519,0.1558,0.4026,4,12,31
BG,GCI,2020,32,0.8857,0.7259,0.4375,0.6562,0.7188,14,21,23
DZ,GCI,2020,155,0.6416,0.5735,0.1742,0.4,0.6,27,62,93
HU,GCI,2020,179,0.8216,0.7399,0.3743,0.5866,0.8045,67,105,144
DK,GCI,2020,204,0.747,0.6801,0.2794,0.5,0.7451,57,102,152
CH,GCI,2020,371,0.7876,0.6933,0.3073,0.5526,0.7466,114,205,277
LA,GCI,2020,14,0.6209,0.6235,0.0,0.2143,0.8571,0,3,12
NO,GCI,2020,86,0.7853,0.6498,0.2209,0.5465,0.7093,19,47,61
MD,GCI,2020,19,0.1918,0.3773,0.0,0.2632,0.3684,0,5,7
MX,GCI,2020,136,0.6524,0.6189,0.1691,0.4044,0.6691,23,55,91
IE,GCI,2020,57,0.4446,0.4645,0.0175,0.1579,0.4386,1,9,25
EC,GCI,2020,34,0.809,0.7869,0.2941,0.7059,0.9412,10,24,32
PH,GCI,2020,97,0.6422,0.5964,0.1959,0.3711,0.6598,19,36,64
HM,GCI,2020,6,0.3442,0.3909,0.0,0.1667,0.1667,0,1,1
KE,GCI,2020,41,0.1924,0.2395,0.0,0.0,0.1463,0,0,6
CG,GCI,2020,62,0.8685,0.7039,0.4839,0.5968,0.7097,30,37,44
SY,GCI,2020,24,0.3047,0.3257,0.0,0.0833,0.25,0,2,6
NG,GCI,2020,23,0.5349,0.4912,0.0,0.087,0.5217,0,2,12
AQ,GCI,2020,18,0.404,0.4346,0.0556,0.1667,0.3889,1,3,7
JO,GCI,2020,56,0.7286,0.6689,0.1607,0.4643,0.7143,9,26,40
VA,GCI,2020,6,0.6992,0.6923,0.0,0.5,1.0,0,3,6
MM,GCI,2020,25,0.489,0.4652,0.0,0.12,0.44,0,3,11
KZ,GCI,2020,21,0.5142,0.5039,0.0476,0.1429,0.5714,1,3,12
HK,GCI,2020,83,0.5132,0.5048,0.0964,0.2651,0.5181,8,22,43
MA,GCI,2020,85,0.3653,0.4138,0.0824,0.1882,0.3765,7,16,32
IS,GCI,2020,23,0.4428,0.4348,0.087,0.2174,0.4348,2,5,10
QA,GCI,2020,3,0.6389,0.5197,0.0,0.0,0.6667,0,0,2
NF,GCI,2020,14,0.246,0.2661,0.0,0.0,0.0714,0,0,1
BD,GCI,2020,25,0.8117,0.7284,0.36,0.64,0.8,9,16,20
GE,GCI,2020,6,0.7545,0.6397,0.0,0.6667,0.8333,0,4,5
IM,GCI,2020,18,0.2191,0.281,0.0556,0.0556,0.2222,1,1,4
RS,GCI,2020,16,0.5296,0.5237,0.125,0.25,0.5625,2,4,9
GQ,GCI,2020,7,0.6755,0.6056,0.1429,0.4286,0.5714,1,3,4
GG,GCI,2020,4,0.7866,0.7846,0.5,0.5,1.0,2,2,4
NZ,GCI,2020,8,0.5345,0.5376,0.0,0.25,0.5,0,2,4
AM,GCI,2020,12,0.5328,0.507,0.0,0.3333,0.5833,0,4,7
GS,GCI,2020,7,0.6439,0.5423,0.0,0.1429,0.5714,0,1,4
ZA,GCI,2020,3,0.2279,0.2024,0.0,0.0,0.0,0,0,0
AL,GCI,2020,9,0.382,0.4348,0.0,0.1111,0.4444,0,1,4
BE,GCI,2020,78,0.6881,0.6218,0.2051,0.4103,0.6923,16,32,54
LC,GCI,2020,15,0.1825,0.265,0.0,0.0667,0.1333,0,1,2
MR,GCI,2020,9,0.3755,0.4817,0.0,0.3333,0.4444,0,3,4
KP,GCI,2020,18,0.6543,0.5708,0.0556,0.3333,0.7222,1,6,13
CX,GCI,2020,3,0.6377,0.593,0.0,0.0,0.6667,0,0,2
LU,GCI,2020,12,0.8121,0.7224,0.4167,0.5833,0.75,5,7,9
BJ,GCI,2020,2,0.6421,0.6421,0.0,0.0,1.0,0,0,2
NP,GCI,2020,2,0.8242,0.8242,0.5,0.5,1.0,1,1,2
GD,GCI,2020,14,0.412,0.5049,0.2143,0.2143,0.4286,3,3,6
CO,GCI,2020,56,0.4893,0.4746,0.0179,0.1607,0.4643,1,9,26
FI,GCI,2020,10,0.4883,0.4744,0.0,0.0,0.4,0,0,4
CY,GCI,2020,4,0.9577,0.8484,0.75,0.75,0.75,3,3,3
UG,GCI,2020,17,0.5462,0.4269,0.0,0.1176,0.5294,0,2,9
KH,GCI,2020,9,0.7188,0.5515,0.0,0.4444,0.5556,0,4,5
MG,GCI,2020,2,0.4374,0.4374,0.0,0.0,0.5,0,0,1
TJ,GCI,2020,6,0.2388,0.2872,0.0,0.0,0.1667,0,0,1
BS,GCI,2020,9,0.5847,0.5031,0.0,0.2222,0.5556,0,2,5
SK,GCI,2020,39,0.9211,0.842,0.5385,0.7949,0.9487,21,31,37
AG,GCI,2020,1,0.5111,0.5111,0.0,0.0,1.0,0,0,1
PS,GCI,2020,3,0.3971,0.3925,0.0,0.0,0.3333,0,0,1
TZ,GCI,2020,1,0.3003,0.3003,0.0,0.0,0.0,0,0,0
TG,GCI,2020,1,0.556,0.556,0.0,0.0,1.0,0,0,1
TM,GCI,2020,4,0.5479,0.5761,0.0,0.0,1.0,0,0,4
PN,GCI,2020,3,0.7414,0.5641,0.0,0.3333,0.6667,0,1,2
CU,GCI,2020,1,0.3291,0.3291,0.0,0.0,0.0,0,0,0
AZ,GCI,2020,3,0.6014,0.5716,0.3333,0.3333,0.6667,1,1,2
AF,GCI,2020,14,0.4232,0.4278,0.0714,0.0714,0.4286,1,1,6
MP,GCI,2020,1,0.3621,0.3621,0.0,0.0,0.0,0,0,0
CN,GCI,2024,1915,0.7808,0.6825,0.3243,0.5368,0.7295,621,1028,1397
JO,GCI,2024,121,0.9318,0.8402,0.6033,0.8099,0.9008,73,98,109
US,GCI,2024,2565,0.6958,0.6197,0.2199,0.4413,0.6671,564,1132,1711
BR,GCI,2024,278,0.7877,0.7187,0.3453,0.5863,0.7842,96,163,218
TW,GCI,2024,346,0.6659,0.603,0.1965,0.4277,0.6329,68,148,219
BE,GCI,2024,64,0.8163,0.7038,0.375,0.5312,0.75,24,34,48
JP,GCI,2024,1453,0.7434,0.6522,0.2223,0.4921,0.7302,323,715,1061
CH,GCI,2024,285,0.8571,0.7316,0.4702,0.607,0.7649,134,173,218
FR,GCI,2024,457,0.6325,0.5975,0.1751,0.372,0.6521,80,170,298
AT,GCI,2024,307,0.8554,0.753,0.4104,0.658,0.8339,126,202,256
LA,GCI,2024,42,0.3881,0.3987,0.0238,0.1667,0.381,1,7,16
RU,GCI,2024,1148,0.6355,0.5961,0.1934,0.3772,0.6324,222,433,726
ES,GCI,2024,122,0.5818,0.5509,0.1967,0.3689,0.5656,24,45,69
UA,GCI,2024,201,0.8201,0.7286,0.3383,0.5821,0.8159,68,117,164
GB,GCI,2024,244,0.5056,0.4892,0.0574,0.25,0.5041,14,61,123
VN,GCI,2024,465,0.5044,0.5086,0.1505,0.2817,0.5054,70,131,235
IN,GCI,2024,2154,0.6866,0.6177,0.2535,0.4406,0.6402,546,949,1379
KR,GCI,2024,758,0.6166,0.5792,0.2137,0.3799,0.5976,162,288,453
DE,GCI,2024,852,0.8182,0.7078,0.3404,0.5681,0.7688,290,484,655
PL,GCI,2024,626,0.6727,0.6106,0.222,0.4153,0.6438,139,260,403
IT,GCI,2024,442,0.8846,0.7502,0.4638,0.6425,0.7919,205,284,350
MA,GCI,2024,74,0.4837,0.4555,0.0135,0.0946,0.4865,1,7,36
CA,GCI,2024,259,0.5853,0.5424,0.0656,0.2587,0.61,17,67,158
ID,GCI,2024,743,0.7114,0.6332,0.2665,0.4643,0.6581,198,345,489
MN,GCI,2024,195,0.3566,0.4094,0.0667,0.159,0.3538,13,31,69
AU,GCI,2024,147,0.5467,0.5181,0.1088,0.2585,0.5578,16,38,82
CZ,GCI,2024,74,0.8698,0.7597,0.4595,0.7027,0.8108,34,52,60
IR,GCI,2024,240,0.521,0.5038,0.0792,0.225,0.525,19,54,126
SG,GCI,2024,221,0.6519,0.5939,0.2308,0.4208,0.6109,51,93,135
IS,GCI,2024,29,0.4404,0.3994,0.0,0.069,0.4138,0,2,12
SA,GCI,2024,115,0.3387,0.399,0.0609,0.1478,0.3217,7,17,37
CG,GCI,2024,55,0.3995,0.4544,0.1273,0.2364,0.3818,7,13,21
MX,GCI,2024,105,0.6166,0.5252,0.1143,0.3238,0.5714,12,34,60
PT,GCI,2024,188,0.8604,0.771,0.4149,0.7021,0.8564,78,132,161
HR,GCI,2024,4,0.4134,0.4726,0.25,0.25,0.5,1,1,2
NL,GCI,2024,90,0.6947,0.6524,0.2222,0.4667,0.7556,20,42,68
NO,GCI,2024,48,0.73,0.6576,0.1875,0.4375,0.7708,9,21,37
AF,GCI,2024,9,0.2929,0.3334,0.0,0.1111,0.2222,0,1,2
AZ,GCI,2024,4,0.5515,0.5441,0.0,0.0,0.5,0,0,2
TR,GCI,2024,166,0.5298,0.54,0.1988,0.3193,0.5361,33,53,89
HU,GCI,2024,3,0.8817,0.6144,0.3333,0.6667,0.6667,1,2,2
TH,GCI,2024,46,0.3102,0.3906,0.0652,0.1522,0.3043,3,7,14
CL,GCI,2024,6,0.8696,0.8591,0.3333,0.8333,1.0,2,5,6
BD,GCI,2024,106,0.8198,0.7441,0.3208,0.6509,0.8491,34,69,90
HK,GCI,2024,59,0.6434,0.5615,0.2712,0.3729,0.5763,16,22,34
DZ,GCI,2024,91,0.4485,0.4551,0.0879,0.1538,0.4505,8,14,41
RO,GCI,2024,64,0.631,0.5828,0.1094,0.2812,0.6719,7,18,43
KZ,GCI,2024,67,0.5565,0.5376,0.0896,0.2687,0.5821,6,18,39
KE,GCI,2024,16,0.2799,0.311,0.0,0.125,0.25,0,2,4
SK,GCI,2024,6,0.2775,0.2983,0.0,0.0,0.1667,0,0,1
MY,GCI,2024,59,0.3811,0.3969,0.0169,0.0847,0.3729,1,5,22
DK,GCI,2024,74,0.8197,0.6417,0.3649,0.5405,0.6622,27,40,49
LT,GCI,2024,16,0.4498,0.4409,0.0625,0.1875,0.3125,1,3,5
IE,GCI,2024,33,0.5564,0.4826,0.0606,0.1818,0.5152,2,6,17
TJ,GCI,2024,31,0.3249,0.3484,0.0,0.0323,0.2581,0,1,8
TN,GCI,2024,139,0.4,0.4352,0.0432,0.1583,0.4101,6,22,57
AQ,GCI,2024,56,0.3723,0.3773,0.0,0.0714,0.3929,0,4,22
FI,GCI,2024,13,0.5248,0.5422,0.0769,0.2308,0.5385,1,3,7
IL,GCI,2024,49,0.5724,0.5434,0.2041,0.3673,0.551,10,18,27
EG,GCI,2024,60,0.5687,0.5549,0.2167,0.3833,0.5333,13,23,32
CU,GCI,2024,4,0.4951,0.472,0.0,0.0,0.5,0,0,2
SE,GCI,2024,41,0.6908,0.6053,0.122,0.3902,0.6829,5,16,28
TM,GCI,2024,8,0.5711,0.5643,0.0,0.25,0.625,0,2,5
HM,GCI,2024,14,0.5346,0.5632,0.1429,0.2857,0.5714,2,4,8
BY,GCI,2024,24,0.2265,0.3424,0.0833,0.1667,0.25,2,4,6
IM,GCI,2024,21,0.2319,0.3182,0.0,0.0476,0.2857,0,1,6
PK,GCI,2024,18,0.3639,0.4758,0.0556,0.2778,0.4444,1,5,8
MG,GCI,2024,5,0.5969,0.5746,0.0,0.4,0.8,0,2,4
KP,GCI,2024,5,0.3092,0.3901,0.0,0.0,0.2,0,0,1
CX,GCI,2024,4,0.3535,0.4595,0.25,0.25,0.25,1,1,1
LK,GCI,2024,10,0.6189,0.5524,0.0,0.3,0.7,0,3,7
EE,GCI,2024,9,0.72,0.6773,0.1111,0.3333,0.8889,1,3,8
LC,GCI,2024,19,0.3901,0.4098,0.0,0.0526,0.4737,0,1,9
AR,GCI,2024,42,0.5814,0.5587,0.2143,0.3571,0.5714,9,15,24
BG,GCI,2024,9,0.6515,0.6016,0.1111,0.3333,0.6667,1,3,6
AL,GCI,2024,16,0.4407,0.4511,0.0,0.125,0.4375,0,2,7
DO,GCI,2024,1,0.0241,0.0241,0.0,0.0,0.0,0,0,0
GQ,GCI,2024,11,0.1805,0.3484,0.0909,0.1818,0.3636,1,2,4
GD,GCI,2024,16,0.4098,0.4498,0.0625,0.1875,0.4375,1,3,7
PH,GCI,2024,52,0.7188,0.6003,0.0769,0.4423,0.7115,4,23,37
LU,GCI,2024,5,0.9662,0.8288,0.6,0.8,0.8,3,4,4
NF,GCI,2024,23,0.505,0.4826,0.0435,0.2174,0.5217,1,5,12
PN,GCI,2024,1,0.5153,0.5153,0.0,0.0,1.0,0,0,1
NP,GCI,2024,13,0.3654,0.423,0.0,0.0769,0.3077,0,1,4
CO,GCI,2024,11,0.4469,0.4315,0.0,0.0,0.2727,0,0,3
MD,GCI,2024,3,0.5232,0.4392,0.0,0.0,0.6667,0,0,2
BN,GCI,2024,11,0.5856,0.5176,0.0,0.1818,0.5455,0,2,6
CY,GCI,2024,1,0.3831,0.3831,0.0,0.0,0.0,0,0,0
AE,GCI,2024,14,0.5411,0.4744,0.1429,0.2143,0.5714,2,3,8
MM,GCI,2024,14,0.516,0.5186,0.2143,0.2857,0.5714,3,4,8
TG,GCI,2024,7,0.6864,0.6632,0.0,0.4286,0.8571,0,3,6
MP,GCI,2024,3,0.2301,0.1772,0.0,0.0,0.0,0,0,0
CN,NCSI,2026,1424,0.7842,0.6867,0.3251,0.5372,0.7346,463,765,1046
DE,NCSI,2026,557,0.7669,0.6758,0.2998,0.5117,0.7379,167,285,411
IN,NCSI,2026,1804,0.7102,0.6296,0.2705,0.4523,0.6569,488,816,1185
BR,NCSI,2026,246,0.7587,0.6948,0.2967,0.5163,0.7683,73,127,189
IT,NCSI,2026,297,0.8913,0.7567,0.4815,0.6431,0.798,143,191,237
JO,NCSI,2026,87,0.9353,0.8504,0.6322,0.8391,0.908,55,73,79
FR,NCSI,2026,303,0.6393,0.5968,0.1683,0.3762,0.6568,51,114,199
AT,NCSI,2026,194,0.8539,0.7544,0.3814,0.6443,0.8454,74,125,164
JP,NCSI,2026,948,0.7141,0.6348,0.1857,0.4451,0.7184,176,422,681
SG,NCSI,2026,104,0.6461,0.5954,0.2885,0.4231,0.5577,30,44,58
KR,NCSI,2026,611,0.6748,0.6107,0.2586,0.4386,0.6318,158,268,386
PL,NCSI,2026,427,0.6547,0.5927,0.2108,0.3958,0.6183,90,169,264
RU,NCSI,2026,828,0.6289,0.5853,0.1715,0.3575,0.6244,142,296,517
US,NCSI,2026,2028,0.6777,0.6094,0.2091,0.426,0.6494,424,864,1317
ID,NCSI,2026,680,0.7233,0.6399,0.2574,0.4794,0.6691,175,326,455
UA,NCSI,2026,138,0.8247,0.7189,0.3333,0.5942,0.7971,46,82,110
TW,NCSI,2026,194,0.5336,0.5104,0.1186,0.3093,0.5206,23,60,101
GB,NCSI,2026,189,0.5065,0.499,0.0582,0.2646,0.5132,11,50,97
KZ,NCSI,2026,51,0.5829,0.5557,0.1373,0.3529,0.6471,7,18,33
ES,NCSI,2026,91,0.4398,0.4754,0.0989,0.2308,0.4725,9,21,43
MY,NCSI,2026,63,0.3893,0.4172,0.0317,0.127,0.3968,2,8,25
DZ,NCSI,2026,41,0.4418,0.4656,0.0976,0.1951,0.4634,4,8,19
IS,NCSI,2026,8,0.4907,0.5022,0.0,0.25,0.5,0,2,4
SA,NCSI,2026,126,0.5086,0.5224,0.1349,0.3254,0.5159,17,41,65
TR,NCSI,2026,110,0.4439,0.4679,0.1364,0.2455,0.4364,15,27,48
RO,NCSI,2026,51,0.6109,0.5592,0.0588,0.2353,0.6471,3,12,33
TN,NCSI,2026,93,0.3672,0.3897,0.043,0.1183,0.3333,4,11,31
CG,NCSI,2026,44,0.4,0.4565,0.1364,0.2273,0.3864,6,10,17
TH,NCSI,2026,35,0.25,0.3518,0.0286,0.1143,0.2857,1,4,10
MN,NCSI,2026,152,0.3391,0.3769,0.0329,0.0987,0.2961,5,15,45
AQ,NCSI,2026,49,0.3706,0.3764,0.0,0.0816,0.3878,0,4,19
IM,NCSI,2026,17,0.3175,0.2882,0.0,0.0,0.1176,0,0,2
IR,NCSI,2026,195,0.4967,0.4885,0.0923,0.2308,0.4974,18,45,97
KH,GCI,2024,1,0.0846,0.0846,0.0,0.0,0.0,0,0,0
KH,NCSI,2026,1,0.0846,0.0846,0.0,0.0,0.0,0,0,0
PS,GCI,2024,3,0.2493,0.2985,0.0,0.0,0.0,0,0,0
CH,NCSI,2026,194,0.8414,0.716,0.4485,0.5825,0.7577,87,113,147
PT,NCSI,2026,145,0.8727,0.7985,0.4345,0.7172,0.9034,63,104,131
BN,NCSI,2026,7,0.5856,0.4926,0.0,0.1429,0.5714,0,1,4
NO,NCSI,2026,41,0.6918,0.6344,0.1707,0.3902,0.7317,7,16,30
NL,NCSI,2026,65,0.6825,0.6499,0.2308,0.4308,0.7538,15,28,49
BG,NCSI,2026,7,0.6039,0.5613,0.1429,0.2857,0.5714,1,2,4
MR,GCI,2024,1,0.7708,0.7708,0.0,1.0,1.0,0,1,1
CZ,NCSI,2026,51,0.855,0.7493,0.4118,0.6863,0.8039,21,35,41
MX,NCSI,2026,66,0.5462,0.4849,0.1061,0.2879,0.5303,7,19,35
AU,NCSI,2026,111,0.5624,0.5307,0.1261,0.2613,0.5676,14,29,63
CA,NCSI,2026,206,0.5502,0.5279,0.068,0.2621,0.5777,14,54,119
VN,NCSI,2026,281,0.4267,0.4524,0.1317,0.2313,0.4164,37,65,117
MA,NCSI,2026,61,0.5,0.4664,0.0164,0.0492,0.5082,1,3,31
FI,NCSI,2026,8,0.5624,0.5687,0.125,0.25,0.5,1,2,4
CO,NCSI,2026,11,0.4792,0.5268,0.0909,0.1818,0.4545,1,2,5
DK,NCSI,2026,54,0.7573,0.6131,0.3333,0.5,0.6296,18,27,34
GS,GCI,2024,1,0.5947,0.5947,0.0,0.0,1.0,0,0,1
BJ,GCI,2024,1,0.5294,0.5294,0.0,0.0,1.0,0,0,1
BE,NCSI,2026,39,0.7985,0.6976,0.359,0.5385,0.7179,14,21,28
SE,NCSI,2026,37,0.5385,0.5421,0.1622,0.2973,0.5676,6,11,21
HM,NCSI,2026,11,0.5503,0.5349,0.0,0.1818,0.6364,0,2,7
LA,NCSI,2026,35,0.2824,0.3741,0.0286,0.2,0.3143,1,7,11
AE,NCSI,2026,13,0.5601,0.5105,0.1538,0.2308,0.6154,2,3,8
MM,NCSI,2026,12,0.516,0.5054,0.1667,0.3333,0.5833,2,4,7
LC,NCSI,2026,20,0.4514,0.4244,0.0,0.05,0.5,0,1,10
NL,GCI,2017,394,0.6651,0.6153,0.1497,0.3909,0.7005,59,154,276
IR,GCI,2017,483,0.6284,0.6033,0.2277,0.4141,0.646,110,200,312
IN,GCI,2017,2164,0.5204,0.5134,0.0906,0.2569,0.518,196,556,1121
KR,GCI,2017,1543,0.6655,0.6083,0.1964,0.4038,0.6526,303,623,1007
AF,NCSI,2026,6,0.262,0.3059,0.0,0.0,0.1667,0,0,1
IE,NCSI,2026,34,0.4584,0.463,0.0294,0.1471,0.4118,1,5,14
HK,NCSI,2026,48,0.6597,0.5975,0.375,0.4583,0.5833,18,22,28
BY,NCSI,2026,20,0.2549,0.3718,0.1,0.15,0.3,2,3,6
BD,NCSI,2026,74,0.8146,0.7431,0.2838,0.5946,0.8514,21,44,63
MD,NCSI,2026,1,0.5232,0.5232,0.0,0.0,1.0,0,0,1
LU,NCSI,2026,3,0.9841,0.9577,0.6667,1.0,1.0,2,3,3
LT,NCSI,2026,20,0.4716,0.4837,0.05,0.3,0.4,1,6,8
EG,NCSI,2026,45,0.4666,0.4936,0.1556,0.3111,0.4444,7,14,20
TJ,NCSI,2026,21,0.3249,0.3566,0.0,0.0476,0.2857,0,1,6
SK,NCSI,2026,4,0.2775,0.3293,0.0,0.0,0.25,0,0,1
GE,GCI,2024,2,0.3456,0.3456,0.0,0.0,0.0,0,0,0
GE,NCSI,2026,2,0.3456,0.3456,0.0,0.0,0.0,0,0,0
KP,NCSI,2026,3,0.3057,0.3314,0.0,0.0,0.0,0,0,0
UG,GCI,2024,14,0.5709,0.5125,0.1429,0.2143,0.6429,2,3,9
UG,NCSI,2026,17,0.5449,0.4948,0.1176,0.1765,0.5882,2,3,10
EE,NCSI,2026,6,0.7201,0.6781,0.1667,0.3333,0.8333,1,2,5
NF,NCSI,2026,20,0.5129,0.4797,0.05,0.2,0.55,1,4,11
AR,NCSI,2026,38,0.5865,0.5771,0.2105,0.3684,0.6053,8,14,23
NP,NCSI,2026,14,0.4041,0.4136,0.0,0.0,0.3571,0,0,5
GD,NCSI,2026,17,0.3866,0.4115,0.0588,0.1765,0.3529,1,3,6
EC,GCI,2024,2,0.6889,0.6889,0.0,0.5,1.0,0,1,2
EC,NCSI,2026,2,0.6889,0.6889,0.0,0.5,1.0,0,1,2
KE,NCSI,2026,7,0.2865,0.2739,0.0,0.0,0.1429,0,0,1
PH,NCSI,2026,23,0.6311,0.5635,0.087,0.3043,0.6957,2,7,16
IL,NCSI,2026,28,0.4951,0.5318,0.2143,0.3571,0.5,6,10,14
TG,NCSI,2026,5,0.5654,0.5352,0.0,0.2,0.8,0,1,4
TM,NCSI,2026,2,0.312,0.312,0.0,0.0,0.0,0,0,0
AG,GCI,2024,5,0.5215,0.4657,0.0,0.0,0.6,0,0,3
AG,NCSI,2026,5,0.5215,0.4657,0.0,0.0,0.6,0,0,3
TZ,GCI,2024,19,0.4081,0.4075,0.0,0.1053,0.3684,0,2,7
TZ,NCSI,2026,20,0.41,0.4097,0.0,0.1,0.35,0,2,7
PK,NCSI,2026,17,0.3409,0.4024,0.0588,0.1765,0.2941,1,3,5
AL,NCSI,2026,15,0.4131,0.4527,0.0,0.2,0.3333,0,3,5
PS,NCSI,2026,2,0.3231,0.3231,0.0,0.0,0.0,0,0,0
AZ,NCSI,2026,1,0.6268,0.6268,0.0,0.0,1.0,0,0,1
LK,NCSI,2026,5,0.2828,0.3334,0.0,0.0,0.4,0,0,2
MP,NCSI,2026,2,0.1216,0.1216,0.0,0.0,0.0,0,0,0
MG,NCSI,2026,4,0.5828,0.5207,0.0,0.25,0.75,0,1,3
CU,NCSI,2026,1,0.4055,0.4055,0.0,0.0,0.0,0,0,0
SD,GCI,2024,1,0.1725,0.1725,0.0,0.0,0.0,0,0,0
SD,NCSI,2026,2,0.1097,0.1097,0.0,0.0,0.0,0,0,0
GR,GCI,2024,5,0.2845,0.2853,0.0,0.0,0.2,0,0,1
GR,NCSI,2026,6,0.285,0.3906,0.1667,0.1667,0.3333,1,1,2
NZ,GCI,2024,1,0.006,0.006,0.0,0.0,0.0,0,0,0
NZ,NCSI,2026,1,0.006,0.006,0.0,0.0,0.0,0,0,0
GQ,NCSI,2026,14,0.2409,0.3353,0.0714,0.1429,0.2857,1,2,4
AX,GCI,2024,4,0.2647,0.3152,0.0,0.0,0.25,0,0,1
AX,NCSI,2026,4,0.2647,0.3152,0.0,0.0,0.25,0,0,1
TW,GCI,2017,922,0.7105,0.6391,0.2495,0.4534,0.6811,230,418,628
CN,GCI,2017,1785,0.6923,0.6275,0.2123,0.428,0.6807,379,764,1215
US,GCI,2017,4333,0.6817,0.6151,0.2001,0.4253,0.6684,867,1843,2896
RU,GCI,2017,3052,0.6712,0.6114,0.1969,0.4056,0.6566,601,1238,2004
DE,GCI,2017,1237,0.7391,0.6616,0.2425,0.4875,0.7219,300,603,893
JP,GCI,2017,2613,0.7175,0.6486,0.2181,0.4608,0.7176,570,1204,1875
PL,GCI,2017,1464,0.7734,0.6795,0.3156,0.526,0.7363,462,770,1078
HU,GCI,2017,106,0.8619,0.7399,0.4151,0.6604,0.7925,44,70,84
CA,GCI,2017,502,0.6479,0.5927,0.1454,0.3665,0.6494,73,184,326
VN,GCI,2017,1233,0.5994,0.5759,0.1727,0.3577,0.5912,213,441,729
FR,GCI,2017,2038,0.6894,0.6281,0.2051,0.4338,0.6865,418,884,1399
CG,GCI,2017,70,0.9619,0.8193,0.6714,0.7714,0.8286,47,54,58
UA,GCI,2017,400,0.8943,0.7775,0.49,0.6875,0.83,196,275,332
AU,GCI,2017,386,0.6948,0.6367,0.2073,0.4301,0.6865,80,166,265
IT,GCI,2017,571,0.78,0.68,0.275,0.5306,0.7285,157,303,416
ES,GCI,2017,495,0.6771,0.6194,0.202,0.4242,0.6606,100,210,327
BE,GCI,2017,189,0.7582,0.6629,0.164,0.5132,0.7407,31,97,140
SE,GCI,2017,368,0.7194,0.6357,0.2228,0.4457,0.6902,82,164,254
MA,GCI,2017,443,0.5579,0.5397,0.1693,0.3093,0.5598,75,137,248
GB,GCI,2017,690,0.6867,0.6244,0.1783,0.4217,0.6942,123,291,479
PT,GCI,2017,338,0.7793,0.6985,0.2751,0.5473,0.787,93,185,266
AT,GCI,2017,301,0.8297,0.7337,0.3256,0.608,0.8173,98,183,246
SG,GCI,2017,318,0.6695,0.6061,0.1761,0.4214,0.673,56,134,214
TH,GCI,2017,270,0.4769,0.4716,0.0667,0.1741,0.4741,18,47,128
DZ,GCI,2017,311,0.5956,0.5606,0.119,0.3376,0.5852,37,105,182
DK,GCI,2017,179,0.7215,0.6552,0.1341,0.4693,0.7318,24,84,131
ID,GCI,2017,958,0.4721,0.4741,0.0595,0.2035,0.4676,57,195,448
AF,GCI,2017,42,0.4188,0.4447,0.0476,0.2619,0.4048,2,11,17
CH,GCI,2017,425,0.6667,0.6039,0.1318,0.3812,0.68,56,162,289
BZ,GCI,2017,1,0.6802,0.6802,0.0,0.0,1.0,0,0,1
NO,GCI,2017,229,0.6727,0.6072,0.1616,0.4105,0.655,37,94,150
TR,GCI,2017,376,0.5534,0.5225,0.109,0.2633,0.5532,41,99,208
IS,GCI,2017,30,0.5101,0.4951,0.0667,0.2667,0.5,2,8,15
PS,GCI,2017,28,0.3681,0.4046,0.0357,0.0714,0.3214,1,2,9
NA,GCI,2017,9,0.1108,0.1983,0.0,0.0,0.2222,0,0,2
MX,GCI,2017,109,0.5033,0.4719,0.0642,0.1651,0.5138,7,18,56
MN,GCI,2017,424,0.3759,0.4157,0.0425,0.1274,0.3632,18,54,154
KZ,GCI,2017,63,0.5942,0.5243,0.0317,0.254,0.5714,2,16,36
CO,GCI,2017,79,0.4916,0.4438,0.0,0.1139,0.4937,0,9,39
LK,GCI,2017,16,0.3944,0.4483,0.0625,0.25,0.3125,1,4,5
FI,GCI,2017,25,0.339,0.3899,0.0,0.12,0.36,0,3,9
ZA,GCI,2017,15,0.2612,0.324,0.0667,0.0667,0.1333,1,1,2
RO,GCI,2017,203,0.7457,0.6362,0.2167,0.4975,0.6847,44,101,139
CL,NCSI,2026,1,0.9093,0.9093,1.0,1.0,1.0,1,1,1
MF,GCI,2024,2,0.1086,0.1086,0.0,0.0,0.0,0,0,0
MF,NCSI,2026,3,0.1609,0.2772,0.0,0.0,0.3333,0,0,1
CX,NCSI,2026,3,0.2705,0.4672,0.3333,0.3333,0.3333,1,1,1
TN,GCI,2017,306,0.6806,0.6135,0.2745,0.415,0.6699,84,127,205
LU,GCI,2017,9,0.7239,0.7367,0.3333,0.4444,0.8889,3,4,8
BR,GCI,2017,609,0.6866,0.6271,0.202,0.4236,0.6831,123,258,416
EG,GCI,2017,107,0.4118,0.4392,0.0654,0.2243,0.4486,7,24,48
KG,GCI,2024,4,0.8377,0.8652,0.25,1.0,1.0,1,4,4
KG,NCSI,2026,5,0.8501,0.8697,0.2,1.0,1.0,1,5,5
SA,GCI,2017,55,0.4843,0.4768,0.0909,0.2182,0.4909,5,12,27
MY,GCI,2017,61,0.3801,0.434,0.0492,0.1639,0.3934,3,10,24
IL,GCI,2017,266,0.6371,0.5952,0.1917,0.3835,0.6466,51,102,172
KP,GCI,2017,94,0.656,0.5928,0.1596,0.3511,0.6489,15,33,61
MM,GCI,2017,25,0.3782,0.3929,0.0,0.12,0.36,0,3,9
BY,GCI,2017,61,0.4784,0.4748,0.082,0.1803,0.4754,5,11,29
SK,GCI,2017,28,0.8326,0.7232,0.2857,0.6429,0.8214,8,18,23
AS,GCI,2024,1,0.1134,0.1134,0.0,0.0,0.0,0,0,0
AS,NCSI,2026,1,0.1134,0.1134,0.0,0.0,0.0,0,0,0
HK,GCI,2017,274,0.7047,0.6407,0.1788,0.4635,0.7226,49,127,198
SD,GCI,2017,4,0.0883,0.1172,0.0,0.0,0.0,0,0,0
BD,GCI,2017,64,0.8472,0.7384,0.4375,0.6719,0.7812,28,43,50
NG,GCI,2024,2,0.6926,0.6926,0.0,0.5,1.0,0,1,2
NG,NCSI,2026,2,0.6926,0.6926,0.0,0.5,1.0,0,1,2
UY,GCI,2017,17,0.5428,0.4822,0.0,0.0,0.5294,0,0,9
MG,GCI,2017,4,0.169,0.1808,0.0,0.0,0.0,0,0,0
WF,GCI,2024,1,0.6355,0.6355,0.0,0.0,1.0,0,0,1
WF,NCSI,2026,1,0.6355,0.6355,0.0,0.0,1.0,0,0,1
GR,GCI,2017,92,0.7669,0.6468,0.3478,0.5109,0.6848,32,47,63
WF,GCI,2017,1,0.4372,0.4372,0.0,0.0,0.0,0,0,0
KE,GCI,2017,48,0.2847,0.3074,0.0,0.0208,0.2083,0,1,10
AR,GCI,2017,65,0.7365,0.6673,0.2154,0.4923,0.7538,14,32,49
GD,GCI,2017,8,0.3243,0.4437,0.125,0.25,0.375,1,2,3
ZA,GCI,2024,1,0.8689,0.8689,0.0,1.0,1.0,0,1,1
ZA,NCSI,2026,1,0.8689,0.8689,0.0,1.0,1.0,0,1,1
CY,GCI,2017,5,0.899,0.7369,0.4,0.6,0.8,2,3,4
IE,GCI,2017,33,0.5162,0.5315,0.1212,0.2727,0.5152,4,9,17
CV,GCI,2017,2,0.4894,0.4894,0.0,0.0,0.5,0,0,1
HR,NCSI,2026,1,0.1054,0.1054,0.0,0.0,0.0,0,0,0
HM,GCI,2017,5,0.324,0.3219,0.0,0.0,0.0,0,0,0
TJ,GCI,2017,12,0.5254,0.5064,0.0,0.3333,0.5,0,4,6
BS,NCSI,2026,1,0.5409,0.5409,0.0,0.0,1.0,0,0,1
PK,GCI,2017,6,0.3442,0.4151,0.0,0.1667,0.3333,0,1,2
NP,GCI,2017,18,0.3533,0.3594,0.0,0.0,0.2778,0,0,5
NG,GCI,2017,30,0.4913,0.4719,0.0333,0.1667,0.5,1,5,15
LC,GCI,2017,7,0.506,0.4356,0.0,0.0,0.5714,0,0,4
PH,GCI,2017,162,0.642,0.591,0.1049,0.3457,0.6605,17,56,107
HR,GCI,2017,102,0.6327,0.6225,0.0392,0.3529,0.7451,4,36,76
BG,GCI,2017,24,0.628,0.521,0.0833,0.25,0.625,2,6,15
IM,GCI,2017,3,0.3843,0.2818,0.0,0.0,0.0,0,0,0
JO,GCI,2017,39,0.7059,0.5884,0.1026,0.3846,0.641,4,15,25
CX,GCI,2017,5,0.5527,0.5834,0.0,0.2,0.8,0,1,4
PN,GCI,2017,1,0.3669,0.3669,0.0,0.0,0.0,0,0,0
IQ,GCI,2017,1,0.0449,0.0449,0.0,0.0,0.0,0,0,0
NF,GCI,2017,6,0.5272,0.4746,0.0,0.3333,0.5,0,2,3
EE,GCI,2017,20,0.5628,0.5124,0.15,0.3,0.55,3,6,11
BJ,GCI,2017,1,0.0876,0.0876,0.0,0.0,0.0,0,0,0
KG,GCI,2017,11,0.3944,0.4535,0.0909,0.1818,0.4545,1,2,5
AM,GCI,2017,95,0.5479,0.4939,0.0105,0.2,0.5474,1,19,52
QA,GCI,2017,7,0.438,0.4397,0.0,0.2857,0.2857,0,2,2
PR,GCI,2017,17,0.3812,0.3875,0.1176,0.1176,0.3529,2,2,6
UZ,GCI,2017,3,0.4154,0.4229,0.0,0.0,0.3333,0,0,1
LT,GCI,2017,6,0.3821,0.425,0.1667,0.3333,0.5,1,2,3
AQ,GCI,2017,13,0.6145,0.5621,0.1538,0.3846,0.5385,2,5,7
MF,GCI,2017,2,0.5798,0.5798,0.0,0.0,1.0,0,0,2
CZ,GCI,2017,64,0.5639,0.5563,0.0938,0.2969,0.625,6,19,40
EC,GCI,2017,23,0.7854,0.7045,0.1739,0.5652,0.8696,4,13,20
OM,GCI,2017,6,0.7179,0.645,0.3333,0.5,0.6667,2,3,4
GE,GCI,2017,11,0.5589,0.5183,0.0,0.2727,0.6364,0,3,7
KH,GCI,2017,4,0.5804,0.542,0.0,0.25,0.75,0,1,3
BN,GCI,2017,5,0.4652,0.5553,0.0,0.2,0.4,0,1,2
CL,GCI,2017,3,0.6758,0.7455,0.3333,0.3333,1.0,1,1,3
SY,GCI,2017,6,0.5147,0.475,0.0,0.0,0.5,0,0,3
AE,GCI,2017,3,0.3947,0.3506,0.0,0.0,0.0,0,0,0
TZ,GCI,2017,2,0.5724,0.5724,0.0,0.0,0.5,0,0,1
MD,GCI,2017,9,0.2074,0.2319,0.0,0.0,0.1111,0,0,1
GG,GCI,2017,3,0.7391,0.5359,0.0,0.3333,0.6667,0,1,2
GQ,GCI,2017,6,0.749,0.6519,0.5,0.5,0.6667,3,3,4
NZ,GCI,2017,11,0.2784,0.4765,0.0909,0.2727,0.4545,1,3,5
GU,GCI,2017,1,0.1764,0.1764,0.0,0.0,0.0,0,0,0
AL,GCI,2017,2,0.2503,0.2503,0.0,0.0,0.0,0,0,0
MR,GCI,2017,1,0.84,0.84,0.0,1.0,1.0,0,1,1
VA,GCI,2017,1,0.802,0.802,0.0,1.0,1.0,0,1,1
LA,GCI,2017,1,0.6025,0.6025,0.0,0.0,1.0,0,0,1
DO,GCI,2017,2,0.476,0.476,0.5,0.5,0.5,1,1,1
PG,GCI,2017,1,0.9353,0.9353,1.0,1.0,1.0,1,1,1
GT,GCI,2017,1,0.6799,0.6799,0.0,0.0,1.0,0,0,1
LV,GCI,2017,1,0.4178,0.4178,0.0,0.0,0.0,0,0,0
AX,GCI,2017,1,0.072,0.072,0.0,0.0,0.0,0,0,0
BS,GCI,2017,1,0.9536,0.9536,1.0,1.0,1.0,1,1,1
AZ,GCI,2017,1,0.0197,0.0197,0.0,0.0,0.0,0,0,0
PR,GCI,2020,7,0.4534,0.4405,0.1429,0.1429,0.4286,1,1,3
MV,GCI,2020,2,0.3725,0.3725,0.0,0.0,0.5,0,0,1
RS,GCI,2017,4,0.4314,0.4346,0.0,0.25,0.25,0,1,1
CU,GCI,2017,1,0.2137,0.2137,0.0,0.0,0.0,0,0,0
AE,GCI,2020,5,0.5832,0.546,0.0,0.0,0.6,0,0,3
LB,GCI,2020,1,0.2679,0.2679,0.0,0.0,0.0,0,0,0
SD,GCI,2020,4,0.567,0.4554,0.0,0.0,0.5,0,0,2
LV,GCI,2020,6,0.7011,0.6644,0.0,0.3333,0.8333,0,2,5
BN,GCI,2020,3,0.1442,0.1919,0.0,0.0,0.0,0,0,0
DO,GCI,2020,1,0.9393,0.9393,1.0,1.0,1.0,1,1,1
CL,GCI,2020,1,0.2421,0.2421,0.0,0.0,0.0,0,0,0
